Country,Year,Emissions,Income
Afghanistan,1963,0.0741,1510
Afghanistan,1964,0.0861,1500
Afghanistan,1965,0.101,1500
Afghanistan,1966,0.107,1480
Afghanistan,1967,0.123,1480
Afghanistan,1968,0.115,1500
Afghanistan,1969,0.0865,1490
Afghanistan,1970,0.15,1480
Afghanistan,1971,0.165,1440
Afghanistan,1972,0.13,1170
Afghanistan,1973,0.135,1180
Albania,1963,1.16,2910
Albania,1964,1.09,3010
Albania,1965,1.15,3130
Albania,1966,1.31,3250
Albania,1967,1.34,3380
Albania,1968,1.5,3500
Albania,1969,1.55,3630
Albania,1970,1.74,3770
Albania,1971,1.98,3920
Albania,1972,2.5,4080
Albania,1973,2.29,4290
Algeria,1963,0.455,4870
Algeria,1964,0.462,5220
Algeria,1965,0.525,5550
Algeria,1966,0.653,5050
Algeria,1967,0.636,5460
Algeria,1968,0.663,5880
Algeria,1969,0.802,6200
Algeria,1970,1.04,6620
Algeria,1971,1.26,5830
Algeria,1972,1.85,6940
Algeria,1973,2.44,7060
Angola,1963,0.203,2560
Angola,1964,0.213,2800
Angola,1965,0.206,2960
Angola,1966,0.269,3080
Angola,1967,0.172,3200
Angola,1968,0.289,3100
Angola,1969,0.48,3130
Angola,1970,0.608,3280
Angola,1971,0.564,3200
Angola,1972,0.721,3170
Angola,1973,0.751,3320
Antigua and Barbuda,1963,1.49,3650
Antigua and Barbuda,1964,1.59,3780
Antigua and Barbuda,1965,2.56,3920
Antigua and Barbuda,1966,5.81,4070
Antigua and Barbuda,1967,9.22,4210
Antigua and Barbuda,1968,15.8,4370
Antigua and Barbuda,1969,19.8,4520
Antigua and Barbuda,1970,7.2,4680
Antigua and Barbuda,1971,6.61,5080
Antigua and Barbuda,1972,5.83,5530
Antigua and Barbuda,1973,5.19,6110
Argentina,1963,2.33,10300
Argentina,1964,2.55,11300
Argentina,1965,2.66,12200
Argentina,1966,2.81,12200
Argentina,1967,2.87,12400
Argentina,1968,2.98,12800
Argentina,1969,3.29,13800
Argentina,1970,3.46,14400
Argentina,1971,3.67,14900
Argentina,1972,3.66,15200
Argentina,1973,3.75,15900
Armenia,1963,4.04,6610
Armenia,1964,4.16,7280
Armenia,1965,4.28,7510
Armenia,1966,4.39,7700
Armenia,1967,4.47,7850
Armenia,1968,4.48,8110
Armenia,1969,4.55,8030
Armenia,1970,4.67,8440
Armenia,1971,4.84,8450
Armenia,1972,4.97,8280
Armenia,1973,5.07,8740
Australia,1963,9.31,17400
Australia,1964,9.85,18200
Australia,1965,10.7,18700
Australia,1966,10.4,18900
Australia,1967,10.9,19800
Australia,1968,11,20500
Australia,1969,11.4,21300
Australia,1970,11.5,22100
Australia,1971,11.7,22600
Australia,1972,11.9,22800
Australia,1973,12.7,23600
Austria,1963,5.13,13600
Austria,1964,5.36,14400
Austria,1965,5.23,14800
Austria,1966,5.34,15600
Austria,1967,5.4,16100
Austria,1968,5.69,16800
Austria,1969,5.97,17900
Austria,1970,6.74,19300
Austria,1971,6.9,20300
Austria,1972,7.4,21500
Austria,1973,7.9,22600
Azerbaijan,1963,5.55,5510
Azerbaijan,1964,5.72,6090
Azerbaijan,1965,5.89,6320
Azerbaijan,1966,6.06,6510
Azerbaijan,1967,6.18,6680
Azerbaijan,1968,6.2,6950
Azerbaijan,1969,6.32,6930
Azerbaijan,1970,6.51,7340
Azerbaijan,1971,6.77,7410
Azerbaijan,1972,7,7330
Azerbaijan,1973,7.17,7810
Bahamas,1963,5.56,22800
Bahamas,1964,8.12,24100
Bahamas,1965,9.4,25600
Bahamas,1966,7.47,26900
Bahamas,1967,11.2,28400
Bahamas,1968,10.3,29800
Bahamas,1969,10.6,31600
Bahamas,1970,15.2,29100
Bahamas,1971,38.7,28900
Bahamas,1972,36.5,27500
Bahamas,1973,43.4,29100
Bahrain,1963,6.71,27700
Bahrain,1964,8.74,28600
Bahrain,1965,6.55,29800
Bahrain,1966,3.38,31100
Bahrain,1967,5.12,32500
Bahrain,1968,5.5,33900
Bahrain,1969,6.18,35400
Bahrain,1970,12.2,37100
Bahrain,1971,13.8,39000
Bahrain,1972,16.1,41100
Bahrain,1973,23.1,42800
Bangladesh,1963,0.0555,1130
Bangladesh,1964,0.0554,1140
Bangladesh,1965,0.0564,1180
Bangladesh,1966,0.0556,1190
Bangladesh,1967,0.0571,1150
Bangladesh,1968,0.0635,1240
Bangladesh,1969,0.0599,1240
Bangladesh,1970,0.0593,1280
Bangladesh,1971,0.0551,1200
Bangladesh,1972,0.0527,1050
Bangladesh,1973,0.0673,1040
Barbados,1963,0.816,6960
Barbados,1964,0.766,7310
Barbados,1965,0.872,7430
Barbados,1966,1.13,7870
Barbados,1967,1.43,8560
Barbados,1968,1.85,9600
Barbados,1969,2.02,10500
Barbados,1970,1.8,11600
Barbados,1971,2.02,11900
Barbados,1972,2.08,11900
Barbados,1973,1.98,12000
Belarus,1963,6.3,5350
Belarus,1964,6.64,5980
Belarus,1965,6.98,6260
Belarus,1966,7.3,6510
Belarus,1967,7.56,6740
Belarus,1968,7.7,7080
Belarus,1969,7.95,7130
Belarus,1970,8.29,7610
Belarus,1971,8.73,7750
Belarus,1972,9.12,7720
Belarus,1973,9.43,8300
Belgium,1963,11.3,14700
Belgium,1964,11,15700
Belgium,1965,11.2,16200
Belgium,1966,11.1,16600
Belgium,1967,11.3,17300
Belgium,1968,12.4,18000
Belgium,1969,12.9,19200
Belgium,1970,13,20400
Belgium,1971,12.6,21200
Belgium,1972,13.5,22300
Belgium,1973,14.3,23700
Belize,1963,0.622,2530
Belize,1964,0.818,2570
Belize,1965,0.795,2620
Belize,1966,0.738,2680
Belize,1967,1.07,2750
Belize,1968,0.885,2890
Belize,1969,1.14,2980
Belize,1970,0.99,3070
Belize,1971,1.15,3210
Belize,1972,1.24,3300
Belize,1973,1.13,3230
Benin,1963,0.0476,1670
Benin,1964,0.0553,1740
Benin,1965,0.0571,1790
Benin,1966,0.0424,1810
Benin,1967,0.0523,1790
Benin,1968,0.0552,1810
Benin,1969,0.0707,1820
Benin,1970,0.0969,1810
Benin,1971,0.0986,1810
Benin,1972,0.128,1930
Benin,1973,0.122,1970
Bolivia,1963,0.313,3230
Bolivia,1964,0.374,3320
Bolivia,1965,0.374,3420
Bolivia,1966,0.41,3590
Bolivia,1967,0.45,3740
Bolivia,1968,0.507,3980
Bolivia,1969,0.581,4080
Bolivia,1970,0.554,4200
Bolivia,1971,0.668,4270
Bolivia,1972,0.763,4400
Bolivia,1973,0.722,4610
Bosnia and Herzegovina,1963,1.84,3690
Bosnia and Herzegovina,1964,2.05,4030
Bosnia and Herzegovina,1965,2.07,4080
Bosnia and Herzegovina,1966,2.02,4270
Bosnia and Herzegovina,1967,2.02,4100
Bosnia and Herzegovina,1968,2.13,4160
Bosnia and Herzegovina,1969,2.19,4380
Bosnia and Herzegovina,1970,2.83,4420
Bosnia and Herzegovina,1971,3.01,4580
Bosnia and Herzegovina,1972,2.79,4650
Bosnia and Herzegovina,1973,3.29,4700
Brazil,1963,0.706,4280
Brazil,1964,0.7,4320
Brazil,1965,0.676,4310
Brazil,1966,0.75,4490
Brazil,1967,0.751,4570
Brazil,1968,0.856,4900
Brazil,1969,0.908,5250
Brazil,1970,0.984,5670
Brazil,1971,1.05,6170
Brazil,1972,1.14,6760
Brazil,1973,1.29,7550
Brunei,1963,3.8,74800
Brunei,1964,3.49,75600
Brunei,1965,3.26,76400
Brunei,1966,4.58,77300
Brunei,1967,3.91,78100
Brunei,1968,3.64,79000
Brunei,1969,3.95,79800
Brunei,1970,63.4,80700
Brunei,1971,55.4,84600
Brunei,1972,66.6,88800
Brunei,1973,67.2,92900
Bulgaria,1963,4.25,6460
Bulgaria,1964,5.25,6960
Bulgaria,1965,5.63,7380
Bulgaria,1966,5.89,7960
Bulgaria,1967,6.61,8390
Bulgaria,1968,7.08,8540
Bulgaria,1969,7.85,8940
Bulgaria,1970,7.2,9450
Bulgaria,1971,7.51,9770
Bulgaria,1972,7.68,10200
Bulgaria,1973,7.94,10700
Burkina Faso,1963,0.0175,657
Burkina Faso,1964,0.0216,665
Burkina Faso,1965,0.0198,651
Burkina Faso,1966,0.0195,644
Burkina Faso,1967,0.0192,694
Burkina Faso,1968,0.0189,718
Burkina Faso,1969,0.0219,722
Burkina Faso,1970,0.0254,726
Burkina Faso,1971,0.0263,712
Burkina Faso,1972,0.0277,858
Burkina Faso,1973,0.0284,800
Burundi,1963,0.0161,775
Burundi,1964,0.0158,798
Burundi,1965,0.0118,805
Burundi,1966,0.015,817
Burundi,1967,0.0146,869
Burundi,1968,0.0165,839
Burundi,1969,0.0215,810
Burundi,1970,0.0179,1010
Burundi,1971,0.0208,1010
Burundi,1972,0.0205,969
Burundi,1973,0.0203,1030
Cambodia,1963,0.0629,1320
Cambodia,1964,0.0539,1250
Cambodia,1965,0.0623,1270
Cambodia,1966,0.0712,1300
Cambodia,1967,0.0625,1330
Cambodia,1968,0.0724,1350
Cambodia,1969,0.196,1340
Cambodia,1970,0.168,1200
Cambodia,1971,0.0349,1140
Cambodia,1972,0.016,1070
Cambodia,1973,0.0172,1440
Cameroon,1963,0.0545,2670
Cameroon,1964,0.0598,2730
Cameroon,1965,0.054,2820
Cameroon,1966,0.0583,2910
Cameroon,1967,0.0757,2550
Cameroon,1968,0.0816,2690
Cameroon,1969,0.09,2740
Cameroon,1970,0.0979,2840
Cameroon,1971,0.121,2850
Cameroon,1972,0.125,2870
Cameroon,1973,0.127,2940
Canada,1963,11.1,17700
Canada,1964,12.3,18500
Canada,1965,12.8,19400
Canada,1966,13,20200
Canada,1967,13.9,20500
Canada,1968,14.7,21200
Canada,1969,14.6,22000
Canada,1970,16,22300
Canada,1971,16.2,23200
Canada,1972,17.3,24100
Canada,1973,17,25500
Cape Verde,1963,0.0677,1400
Cape Verde,1964,0.131,1420
Cape Verde,1965,0.111,1440
Cape Verde,1966,0.0922,1450
Cape Verde,1967,0.0741,1460
Cape Verde,1968,0.114,1470
Cape Verde,1969,0.139,1480
Cape Verde,1970,0.136,1480
Cape Verde,1971,0.135,1530
Cape Verde,1972,0.189,1540
Cape Verde,1973,0.23,1540
Central African Republic,1963,0.0464,1740
Central African Republic,1964,0.0456,1730
Central African Republic,1965,0.0537,1710
Central African Republic,1966,0.0504,1660
Central African Republic,1967,0.0537,1690
Central African Republic,1968,0.105,1670
Central African Republic,1969,0.105,1720
Central African Republic,1970,0.115,1760
Central African Republic,1971,0.0996,1670
Central African Republic,1972,0.0903,1600
Central African Republic,1973,0.0852,1640
Chad,1963,0.0288,1160
Chad,1964,0.0305,1120
Chad,1965,0.0321,1110
Chad,1966,0.025,1070
Chad,1967,0.0342,1070
Chad,1968,0.0356,1050
Chad,1969,0.0452,1100
Chad,1970,0.0342,1110
Chad,1971,0.0403,1110
Chad,1972,0.0317,1020
Chad,1973,0.0413,960
Chile,1963,2.01,8380
Chile,1964,1.99,8320
Chile,1965,1.98,8140
Chile,1966,2.05,8810
Chile,1967,2.07,8860
Chile,1968,2.24,8940
Chile,1969,2.34,9030
Chile,1970,2.52,8990
Chile,1971,2.72,9560
Chile,1972,2.79,9230
Chile,1973,2.69,8520
China,1963,0.628,1130
China,1964,0.616,1230
China,1965,0.656,1310
China,1966,0.703,1290
China,1967,0.567,1240
China,1968,0.597,1150
China,1969,0.715,1210
China,1970,0.931,1310
China,1971,1.03,1320
China,1972,1.07,1270
China,1973,1.09,1310
Colombia,1963,1.21,4780
Colombia,1964,1.19,4910
Colombia,1965,1.22,4920
Colombia,1966,1.22,5020
Colombia,1967,1.25,5070
Colombia,1968,1.3,5220
Colombia,1969,1.34,5400
Colombia,1970,1.32,5600
Colombia,1971,1.38,5760
Colombia,1972,1.4,6040
Colombia,1973,1.46,6280
Comoros,1963,0.0549,1390
Comoros,1964,0.054,1490
Comoros,1965,0.0707,1490
Comoros,1966,0.0867,1650
Comoros,1967,0.0849,1710
Comoros,1968,0.0831,1700
Comoros,1969,0.0814,1720
Comoros,1970,0.128,1830
Comoros,1971,0.125,1890
Comoros,1972,0.123,1920
Comoros,1973,0.12,2030
"Congo, Dem. Rep.",1963,0.139,2700
"Congo, Dem. Rep.",1964,0.117,2660
"Congo, Dem. Rep.",1965,0.142,2550
"Congo, Dem. Rep.",1966,0.135,2640
"Congo, Dem. Rep.",1967,0.125,2540
"Congo, Dem. Rep.",1968,0.178,2620
"Congo, Dem. Rep.",1969,0.188,2750
"Congo, Dem. Rep.",1970,0.136,2670
"Congo, Dem. Rep.",1971,0.144,2760
"Congo, Dem. Rep.",1972,0.143,2700
"Congo, Dem. Rep.",1973,0.147,2850
"Congo, Rep.",1963,0.214,2430
"Congo, Rep.",1964,0.238,2470
"Congo, Rep.",1965,0.213,2500
"Congo, Rep.",1966,0.26,2580
"Congo, Rep.",1967,0.265,2670
"Congo, Rep.",1968,0.36,2750
"Congo, Rep.",1969,0.39,2840
"Congo, Rep.",1970,0.431,2920
"Congo, Rep.",1971,0.502,3120
"Congo, Rep.",1972,0.472,3180
"Congo, Rep.",1973,0.843,3650
Costa Rica,1963,0.405,5480
Costa Rica,1964,0.438,5580
Costa Rica,1965,0.532,5920
Costa Rica,1966,0.604,6190
Costa Rica,1967,0.516,6390
Costa Rica,1968,0.593,6700
Costa Rica,1969,0.638,6970
Costa Rica,1970,0.676,7260
Costa Rica,1971,0.806,7550
Costa Rica,1972,0.907,8030
Costa Rica,1973,1.03,8450
Cote d'Ivoire,1963,0.159,2760
Cote d'Ivoire,1964,0.187,3130
Cote d'Ivoire,1965,0.278,2930
Cote d'Ivoire,1966,0.283,3020
Cote d'Ivoire,1967,0.299,2920
Cote d'Ivoire,1968,0.339,3210
Cote d'Ivoire,1969,0.386,3180
Cote d'Ivoire,1970,0.44,3350
Cote d'Ivoire,1971,0.461,3340
Cote d'Ivoire,1972,0.487,3360
Cote d'Ivoire,1973,0.493,3460
Croatia,1963,1.6,7040
Croatia,1964,1.8,7660
Croatia,1965,1.84,7840
Croatia,1966,1.82,8430
Croatia,1967,1.83,8740
Croatia,1968,1.95,9160
Croatia,1969,2.01,9900
Croatia,1970,2.62,10600
Croatia,1971,2.81,11600
Croatia,1972,2.63,11900
Croatia,1973,3.13,12500
Cuba,1963,1.71,3440
Cuba,1964,1.83,3670
Cuba,1965,1.84,3590
Cuba,1966,1.87,3700
Cuba,1967,1.91,4060
Cuba,1968,1.91,3750
Cuba,1969,2.02,3650
Cuba,1970,2.14,3460
Cuba,1971,2.21,3670
Cuba,1972,2.3,3780
Cuba,1973,2.44,4050
Cyprus,1963,1.71,5350
Cyprus,1964,1.73,4860
Cyprus,1965,1.98,5980
Cyprus,1966,2.12,6380
Cyprus,1967,2.31,7280
Cyprus,1968,2.71,7640
Cyprus,1969,2.76,8380
Cyprus,1970,2.78,8670
Cyprus,1971,3.04,9820
Cyprus,1972,3.83,10500
Cyprus,1973,3.95,10800
Czech Republic,1963,12.4,9570
Czech Republic,1964,12.8,9920
Czech Republic,1965,12.5,10200
Czech Republic,1966,12.4,10500
Czech Republic,1967,12.4,10900
Czech Republic,1968,12.9,11300
Czech Republic,1969,13.7,11500
Czech Republic,1970,15.7,11600
Czech Republic,1971,16.5,12400
Czech Republic,1972,16.5,13100
Czech Republic,1973,16.5,13800
Denmark,1963,8.69,18300
Denmark,1964,9.14,19900
Denmark,1965,9.31,20800
Denmark,1966,10.4,21300
Denmark,1967,10.2,21900
Denmark,1968,11,22800
Denmark,1969,12.1,24200
Denmark,1970,12.6,24600
Denmark,1971,11.5,25200
Denmark,1972,12,26500
Denmark,1973,11.8,27400
Djibouti,1963,0.656,4760
Djibouti,1964,0.784,4710
Djibouti,1965,1.05,4700
Djibouti,1966,1.13,4720
Djibouti,1967,0.67,4710
Djibouti,1968,0.862,4680
Djibouti,1969,0.563,4670
Djibouti,1970,0.873,5550
Djibouti,1971,0.953,5630
Djibouti,1972,1.06,5570
Djibouti,1973,0.943,5580
Dominica,1963,0.233,2450
Dominica,1964,0.229,2560
Dominica,1965,0.226,2190
Dominica,1966,0.221,2440
Dominica,1967,0.325,2470
Dominica,1968,0.319,2430
Dominica,1969,0.261,2640
Dominica,1970,0.361,2870
Dominica,1971,0.359,3070
Dominica,1972,0.358,3310
Dominica,1973,0.358,3610
Dominican Republic,1963,0.343,2760
Dominican Republic,1964,0.465,2880
Dominican Republic,1965,0.399,2470
Dominican Republic,1966,0.418,2750
Dominican Republic,1967,0.38,2780
Dominican Republic,1968,0.553,2740
Dominican Republic,1969,0.607,2980
Dominican Republic,1970,0.691,3230
Dominican Republic,1971,0.761,3520
Dominican Republic,1972,0.983,3890
Dominican Republic,1973,1.22,4290
Ecuador,1963,0.363,4360
Ecuador,1964,0.421,4560
Ecuador,1965,0.434,4870
Ecuador,1966,0.448,4880
Ecuador,1967,0.466,5010
Ecuador,1968,0.544,5150
Ecuador,1969,0.609,5300
Ecuador,1970,0.705,5530
Ecuador,1971,0.676,5710
Ecuador,1972,0.714,5910
Ecuador,1973,0.795,6480
Egypt,1963,0.746,2140
Egypt,1964,0.861,2250
Egypt,1965,0.908,2360
Egypt,1966,0.85,2340
Egypt,1967,0.613,2280
Egypt,1968,0.696,2300
Egypt,1969,0.584,2430
Egypt,1970,0.628,2560
Egypt,1971,0.652,2640
Egypt,1972,0.706,2670
Egypt,1973,0.645,2710
El Salvador,1963,0.373,3720
El Salvador,1964,0.396,3990
El Salvador,1965,0.325,4120
El Salvador,1966,0.396,4310
El Salvador,1967,0.342,4440
El Salvador,1968,0.362,4480
El Salvador,1969,0.333,4520
El Salvador,1970,0.389,4520
El Salvador,1971,0.401,4660
El Salvador,1972,0.434,4860
El Salvador,1973,0.496,5040
Equatorial Guinea,1963,0.0965,1730
Equatorial Guinea,1964,0.0949,1970
Equatorial Guinea,1965,0.106,2210
Equatorial Guinea,1966,0.0905,2270
Equatorial Guinea,1967,0.088,2390
Equatorial Guinea,1968,0.098,2440
Equatorial Guinea,1969,0.145,2340
Equatorial Guinea,1970,0.121,2250
Equatorial Guinea,1971,0.221,2300
Equatorial Guinea,1972,0.304,2300
Equatorial Guinea,1973,0.106,2500
Estonia,1963,9.66,7690
Estonia,1964,10.2,8590
Estonia,1965,10.6,8980
Estonia,1966,11.1,9330
Estonia,1967,11.5,9660
Estonia,1968,11.7,10100
Estonia,1969,12.1,10200
Estonia,1970,12.6,10900
Estonia,1971,13.2,11100
Estonia,1972,13.8,11100
Estonia,1973,14.3,11900
Ethiopia,1963,0.0177,924
Ethiopia,1964,0.0167,940
Ethiopia,1965,0.0258,967
Ethiopia,1966,0.0322,975
Ethiopia,1967,0.0409,986
Ethiopia,1968,0.0641,971
Ethiopia,1969,0.0603,977
Ethiopia,1970,0.0582,1000
Ethiopia,1971,0.0633,1010
Ethiopia,1972,0.0467,1030
Ethiopia,1973,0.0565,1030
Fiji,1963,0.555,4670
Fiji,1964,0.944,4750
Fiji,1965,0.743,4490
Fiji,1966,0.677,4390
Fiji,1967,0.729,4870
Fiji,1968,0.793,5160
Fiji,1969,0.849,5170
Fiji,1970,1,5650
Fiji,1971,1.03,5890
Fiji,1972,1.07,6210
Fiji,1973,1.14,6770
Finland,1963,4.28,13000
Finland,1964,5.02,13600
Finland,1965,5.54,14300
Finland,1966,6.44,14700
Finland,1967,6.24,14900
Finland,1968,7.25,15200
Finland,1969,8.24,16700
Finland,1970,8.76,18100
Finland,1971,8.76,18500
Finland,1972,9.49,19800
Finland,1973,10.6,21000
France,1963,7.03,15500
France,1964,7.18,16400
France,1965,7.23,17100
France,1966,7.07,17800
France,1967,7.51,18500
France,1968,7.7,19200
France,1969,8.22,20400
France,1970,8.67,21400
France,1971,9.06,22200
France,1972,9.35,23000
France,1973,9.96,24100
Gabon,1963,0.142,7710
Gabon,1964,0.363,8520
Gabon,1965,0.406,9180
Gabon,1966,0.702,8900
Gabon,1967,1.83,10000
Gabon,1968,3.47,10200
Gabon,1969,2.48,11200
Gabon,1970,3.53,12000
Gabon,1971,4.74,12900
Gabon,1972,4.48,14100
Gabon,1973,8.53,15300
Gambia,1963,0.0757,1490
Gambia,1964,0.0741,1560
Gambia,1965,0.0724,1690
Gambia,1966,0.0794,1940
Gambia,1967,0.0774,1960
Gambia,1968,0.0836,1950
Gambia,1969,0.106,2120
Gambia,1970,0.103,1870
Gambia,1971,0.115,1830
Gambia,1972,0.134,1790
Gambia,1973,0.123,1920
Georgia,1963,3.04,5670
Georgia,1964,3.18,6350
Georgia,1965,3.31,6670
Georgia,1966,3.44,7120
Georgia,1967,3.54,7520
Georgia,1968,3.58,7810
Georgia,1969,3.68,8140
Georgia,1970,3.82,9070
Georgia,1971,4.02,9230
Georgia,1972,4.2,9440
Georgia,1973,4.35,9990
Germany,1963,12.6,15900
Germany,1964,12.8,16900
Germany,1965,12.6,17700
Germany,1966,12.4,18200
Germany,1967,12.1,18400
Germany,1968,12.7,19500
Germany,1969,13.5,20800
Germany,1970,13.1,21700
Germany,1971,13.2,22400
Germany,1972,13.2,23300
Germany,1973,13.8,24500
Ghana,1963,0.236,2660
Ghana,1964,0.219,2670
Ghana,1965,0.22,2680
Ghana,1966,0.181,2620
Ghana,1967,0.184,2610
Ghana,1968,0.212,2590
Ghana,1969,0.198,2620
Ghana,1970,0.3,2830
Ghana,1971,0.256,2990
Ghana,1972,0.262,2830
Ghana,1973,0.261,2840
Greece,1963,1.46,7340
Greece,1964,1.57,7990
Greece,1965,2.01,8780
Greece,1966,2.2,9340
Greece,1967,2.29,9830
Greece,1968,2.6,10600
Greece,1969,2.96,11700
Greece,1970,2.79,12700
Greece,1971,3.19,13700
Greece,1972,3.59,15400
Greece,1973,4.2,16100
Grenada,1963,0.157,2300
Grenada,1964,0.234,2350
Grenada,1965,0.233,2410
Grenada,1966,0.309,2460
Grenada,1967,0.386,2520
Grenada,1968,0.425,2580
Grenada,1969,0.503,2640
Grenada,1970,0.466,2700
Grenada,1971,0.506,2920
Grenada,1972,0.507,3160
Grenada,1973,0.587,3460
Guatemala,1963,0.331,4340
Guatemala,1964,0.374,4390
Guatemala,1965,0.406,4480
Guatemala,1966,0.347,4620
Guatemala,1967,0.384,4700
Guatemala,1968,0.403,5000
Guatemala,1969,0.417,5110
Guatemala,1970,0.409,5280
Guatemala,1971,0.422,5430
Guatemala,1972,0.456,5680
Guatemala,1973,0.481,5910
Guinea,1963,0.19,1650
Guinea,1964,0.187,1500
Guinea,1965,0.183,1540
Guinea,1966,0.186,1550
Guinea,1967,0.184,1490
Guinea,1968,0.186,1470
Guinea,1969,0.183,1410
Guinea,1970,0.191,1260
Guinea,1971,0.193,1310
Guinea,1972,0.194,1320
Guinea,1973,0.184,1320
Guinea-Bissau,1963,0.0751,1260
Guinea-Bissau,1964,0.0914,1380
Guinea-Bissau,1965,0.102,1460
Guinea-Bissau,1966,0.1,1510
Guinea-Bissau,1967,0.0712,1560
Guinea-Bissau,1968,0.0916,1620
Guinea-Bissau,1969,0.0847,1710
Guinea-Bissau,1970,0.0988,1810
Guinea-Bissau,1971,0.102,1750
Guinea-Bissau,1972,0.0901,1870
Guinea-Bissau,1973,0.147,1890
Guyana,1963,0.99,3140
Guyana,1964,1.02,3460
Guyana,1965,1.65,3780
Guyana,1966,1.78,3940
Guyana,1967,1.96,4070
Guyana,1968,1.94,4080
Guyana,1969,1.97,4330
Guyana,1970,2.24,4500
Guyana,1971,2.1,4650
Guyana,1972,2.16,4580
Guyana,1973,2.47,4690
Haiti,1963,0.0608,2120
Haiti,1964,0.0719,2090
Haiti,1965,0.0714,2120
Haiti,1966,0.0701,2120
Haiti,1967,0.0588,2090
Haiti,1968,0.0585,2180
Haiti,1969,0.0686,2260
Haiti,1970,0.0823,2370
Haiti,1971,0.0847,2550
Haiti,1972,0.081,2590
Haiti,1973,0.0857,2710
Honduras,1963,0.321,2570
Honduras,1964,0.317,2620
Honduras,1965,0.32,2760
Honduras,1966,0.334,2840
Honduras,1967,0.352,2910
Honduras,1968,0.478,2990
Honduras,1969,0.446,2920
Honduras,1970,0.511,2930
Honduras,1971,0.475,2960
Honduras,1972,0.533,3030
Honduras,1973,0.509,3160
"Hong Kong, China",1963,1.28,7330
"Hong Kong, China",1964,1.25,7630
"Hong Kong, China",1965,1.39,8460
"Hong Kong, China",1966,1.46,8420
"Hong Kong, China",1967,1.67,8460
"Hong Kong, China",1968,1.68,8670
"Hong Kong, China",1969,2.05,9580
"Hong Kong, China",1970,2.18,10300
"Hong Kong, China",1971,2.34,10900
"Hong Kong, China",1972,2.34,11800
"Hong Kong, China",1973,2.3,12900
Hungary,1963,5.57,8000
Hungary,1964,6.16,8560
Hungary,1965,6.03,8750
Hungary,1966,6.05,9370
Hungary,1967,5.74,10000
Hungary,1968,5.94,10300
Hungary,1969,6.04,10700
Hungary,1970,6.75,10800
Hungary,1971,6.66,11400
Hungary,1972,6.66,11800
Hungary,1973,6.99,12600
Iceland,1963,7.01,14400
Iceland,1964,6.91,15600
Iceland,1965,7.26,16500
Iceland,1966,7.67,17600
Iceland,1967,7.32,17100
Iceland,1968,7.99,16000
Iceland,1969,6.26,16200
Iceland,1970,6.8,17400
Iceland,1971,7.11,19500
Iceland,1972,7.07,20400
Iceland,1973,8.23,21500
India,1963,0.322,1410
India,1964,0.308,1470
India,1965,0.333,1370
India,1966,0.337,1340
India,1967,0.331,1410
India,1968,0.352,1400
India,1969,0.351,1450
India,1970,0.351,1470
India,1971,0.362,1440
India,1972,0.374,1390
India,1973,0.376,1410
Indonesia,1963,0.24,1810
Indonesia,1964,0.229,1830
Indonesia,1965,0.246,1810
Indonesia,1966,0.227,1780
Indonesia,1967,0.232,1700
Indonesia,1968,0.254,1820
Indonesia,1969,0.299,2010
Indonesia,1970,0.312,2170
Indonesia,1971,0.331,2240
Indonesia,1972,0.358,2430
Indonesia,1973,0.396,2730
Iran,1963,1.75,4640
Iran,1964,1.96,4880
Iran,1965,2.15,5370
Iran,1966,2.5,5800
Iran,1967,2.58,6330
Iran,1968,3.05,7140
Iran,1969,2.99,7920
Iran,1970,3.22,8590
Iran,1971,3.47,9480
Iran,1972,3.53,10800
Iran,1973,4.19,11500
Iraq,1963,1.19,5320
Iraq,1964,1.12,5770
Iraq,1965,2.31,6090
Iraq,1966,3.2,6210
Iraq,1967,2.06,5860
Iraq,1968,2.13,6680
Iraq,1969,2.36,6680
Iraq,1970,2.41,6440
Iraq,1971,2.81,6610
Iraq,1972,2.79,6160
Iraq,1973,2.8,6950
Ireland,1963,4.8,9120
Ireland,1964,5.06,9490
Ireland,1965,4.86,9680
Ireland,1966,5.33,9800
Ireland,1967,5.76,10400
Ireland,1968,6.23,11300
Ireland,1969,6.43,12000
Ireland,1970,6.67,12300
Ireland,1971,7.64,12700
Ireland,1972,7.38,13400
Ireland,1973,7.54,13900
Israel,1963,3.53,10300
Israel,1964,3.79,10900
Israel,1965,5.2,11600
Israel,1966,5.31,11400
Israel,1967,5.17,11500
Israel,1968,5.16,12900
Israel,1969,5.41,14200
Israel,1970,5.89,14900
Israel,1971,5.6,16000
Israel,1972,5.64,17400
Israel,1973,6.22,17700
Italy,1963,3.24,13700
Italy,1964,3.43,14300
Italy,1965,3.67,14600
Italy,1966,4.11,15300
Italy,1967,4.47,16400
Italy,1968,4.72,17800
Italy,1969,5.08,18800
Italy,1970,5.54,19300
Italy,1971,5.78,19600
Italy,1972,6.05,20200
Italy,1973,6.47,21500
Jamaica,1963,1.41,5220
Jamaica,1964,2.35,5540
Jamaica,1965,1.7,5900
Jamaica,1966,1.98,6060
Jamaica,1967,2.14,6200
Jamaica,1968,2.13,6450
Jamaica,1969,2.31,6880
Jamaica,1970,2.66,7670
Jamaica,1971,3.02,7630
Jamaica,1972,3.25,7790
Jamaica,1973,4.22,8400
Japan,1963,3.37,9450
Japan,1964,3.69,10400
Japan,1965,3.93,10900
Japan,1966,4.21,11900
Japan,1967,4.86,13100
Japan,1968,5.51,14600
Japan,1969,6.32,16200
Japan,1970,7.32,17700
Japan,1971,7.49,18200
Japan,1972,7.9,19500
Japan,1973,8.35,20700
Jordan,1963,1.16,4970
Jordan,1964,1.13,5620
Jordan,1965,1.21,6020
Jordan,1966,1.25,5960
Jordan,1967,1.03,5840
Jordan,1968,1,5120
Jordan,1969,1.09,5340
Jordan,1970,0.905,4630
Jordan,1971,0.915,4590
Jordan,1972,1.02,4590
Jordan,1973,1.13,4670
Kazakhstan,1963,9.71,9680
Kazakhstan,1964,10,10700
Kazakhstan,1965,10.3,11100
Kazakhstan,1966,10.6,11500
Kazakhstan,1967,10.9,11800
Kazakhstan,1968,11,12300
Kazakhstan,1969,11.2,12300
Kazakhstan,1970,11.6,13100
Kazakhstan,1971,12.2,13200
Kazakhstan,1972,12.6,13100
Kazakhstan,1973,12.9,14000
Kenya,1963,0.32,1800
Kenya,1964,0.306,1900
Kenya,1965,0.259,1850
Kenya,1966,0.272,2010
Kenya,1967,0.265,2030
Kenya,1968,0.267,2110
Kenya,1969,0.287,2160
Kenya,1970,0.273,2240
Kenya,1971,0.314,2310
Kenya,1972,0.319,2360
Kenya,1973,0.311,2400
Kiribati,1963,0.413,3520
Kiribati,1964,0.404,3630
Kiribati,1965,0.237,3750
Kiribati,1966,0.232,3870
Kiribati,1967,0.455,3990
Kiribati,1968,0.669,4120
Kiribati,1969,0.219,4250
Kiribati,1970,0.43,4390
Kiribati,1971,0.564,4200
Kiribati,1972,0.486,4630
Kiribati,1973,0.685,5520
Kuwait,1963,45,67500
Kuwait,1964,59.8,75900
Kuwait,1965,75,85300
Kuwait,1966,67.2,95700
Kuwait,1967,44.1,107000
Kuwait,1968,35.5,120000
Kuwait,1969,38.9,135000
Kuwait,1970,33.6,151000
Kuwait,1971,34,150000
Kuwait,1972,32.4,146000
Kuwait,1973,26.8,128000
Kyrgyz Republic,1963,4.15,5010
Kyrgyz Republic,1964,4.26,5130
Kyrgyz Republic,1965,4.38,5250
Kyrgyz Republic,1966,4.48,5370
Kyrgyz Republic,1967,4.54,5490
Kyrgyz Republic,1968,4.53,5610
Kyrgyz Republic,1969,4.59,5730
Kyrgyz Republic,1970,4.71,5860
Kyrgyz Republic,1971,4.88,5980
Kyrgyz Republic,1972,5.03,6100
Kyrgyz Republic,1973,5.14,6230
Lao,1963,0.0645,936
Lao,1964,0.0741,950
Lao,1965,0.0754,964
Lao,1966,0.0962,978
Lao,1967,0.128,992
Lao,1968,0.066,1010
Lao,1969,0.122,1020
Lao,1970,0.213,1040
Lao,1971,0.153,1070
Lao,1972,0.172,1090
Lao,1973,0.177,1160
Latvia,1963,3.51,8240
Latvia,1964,3.69,9320
Latvia,1965,3.87,9870
Latvia,1966,4.05,10400
Latvia,1967,4.19,10900
Latvia,1968,4.27,11500
Latvia,1969,4.41,11700
Latvia,1970,4.6,12700
Latvia,1971,4.84,13100
Latvia,1972,5.05,13200
Latvia,1973,5.23,14300
Lebanon,1963,1.52,6940
Lebanon,1964,1.6,7160
Lebanon,1965,1.58,7640
Lebanon,1966,1.7,7920
Lebanon,1967,1.64,7320
Lebanon,1968,1.67,7990
Lebanon,1969,1.93,7930
Lebanon,1970,1.72,8240
Lebanon,1971,2.25,8760
Lebanon,1972,2.34,9570
Lebanon,1973,2.85,9760
Liberia,1963,0.298,2040
Liberia,1964,0.397,2120
Liberia,1965,0.448,2150
Liberia,1966,0.481,2250
Liberia,1967,0.47,2330
Liberia,1968,0.662,2370
Liberia,1969,0.931,2470
Liberia,1970,1.04,2560
Liberia,1971,1.06,2620
Liberia,1972,1.02,2640
Liberia,1973,0.978,2670
Libya,1963,0.91,4350
Libya,1964,0.398,4790
Libya,1965,0.586,4520
Libya,1966,1.46,5140
Libya,1967,9.85,5500
Libya,1968,15.4,7060
Libya,1969,17.4,7600
Libya,1970,15.2,7800
Libya,1971,9.71,7240
Libya,1972,6.54,7650
Libya,1973,6,7500
Lithuania,1963,5.02,9600
Lithuania,1964,5.27,10700
Lithuania,1965,5.52,11100
Lithuania,1966,5.76,11500
Lithuania,1967,5.96,11900
Lithuania,1968,6.07,12400
Lithuania,1969,6.25,12500
Lithuania,1970,6.51,13300
Lithuania,1971,6.85,13500
Lithuania,1972,7.15,13500
Lithuania,1973,7.39,14500
Luxembourg,1963,35.3,20800
Luxembourg,1964,37.6,22600
Luxembourg,1965,37,23200
Luxembourg,1966,35,23800
Luxembourg,1967,34,24200
Luxembourg,1968,36.5,25700
Luxembourg,1969,39.1,28600
Luxembourg,1970,40.5,29500
Luxembourg,1971,38.6,30500
Luxembourg,1972,39.1,32700
Luxembourg,1973,40.8,35600
Madagascar,1963,0.0842,2080
Madagascar,1964,0.086,2140
Madagascar,1965,0.0966,2100
Madagascar,1966,0.0979,2120
Madagascar,1967,0.139,2210
Madagascar,1968,0.146,2330
Madagascar,1969,0.133,2380
Madagascar,1970,0.148,2470
Madagascar,1971,0.152,2530
Madagascar,1972,0.185,2460
Madagascar,1973,0.15,2360
Malawi,1963,0.0882,693
Malawi,1964,0.0818,661
Malawi,1965,0.0842,730
Malawi,1966,0.101,782
Malawi,1967,0.0843,833
Malawi,1968,0.087,800
Malawi,1969,0.0832,827
Malawi,1970,0.0966,816
Malawi,1971,0.104,907
Malawi,1972,0.11,970
Malawi,1973,0.112,1020
Malaysia,1963,0.65,3120
Malaysia,1964,0.8,3240
Malaysia,1965,0.88,3390
Malaysia,1966,1.01,3480
Malaysia,1967,1.01,3460
Malaysia,1968,1.02,3680
Malaysia,1969,0.867,3810
Malaysia,1970,1.35,3960
Malaysia,1971,1.51,4160
Malaysia,1972,1.58,4380
Malaysia,1973,1.51,4920
Mali,1963,0.0323,1010
Mali,1964,0.032,1040
Mali,1965,0.0356,1030
Mali,1966,0.0338,1050
Mali,1967,0.0392,1060
Mali,1968,0.0343,1080
Mali,1969,0.0275,1050
Mali,1970,0.0339,1090
Mali,1971,0.0376,1110
Mali,1972,0.04,1140
Mali,1973,0.0428,1090
Malta,1963,1.29,2640
Malta,1964,1.55,2740
Malta,1965,1.47,2970
Malta,1966,1.28,3320
Malta,1967,1.61,3540
Malta,1968,1.98,3890
Malta,1969,2.03,4100
Malta,1970,2.07,4590
Malta,1971,2.06,4710
Malta,1972,2.62,5090
Malta,1973,2.51,5260
Mauritania,1963,0.0948,1270
Mauritania,1964,0.123,1700
Mauritania,1965,0.164,2000
Mauritania,1966,0.177,2060
Mauritania,1967,0.189,2190
Mauritania,1968,0.217,2440
Mauritania,1969,0.247,2450
Mauritania,1970,0.374,2750
Mauritania,1971,0.338,2820
Mauritania,1972,0.367,2870
Mauritania,1973,0.374,2890
Mauritius,1963,0.291,6410
Mauritius,1964,0.419,5720
Mauritius,1965,0.404,5670
Mauritius,1966,0.357,5260
Mauritius,1967,0.635,5300
Mauritius,1968,0.798,4780
Mauritius,1969,0.704,4860
Mauritius,1970,0.603,4690
Mauritius,1971,0.472,4760
Mauritius,1972,0.809,5000
Mauritius,1973,0.784,5440
Mexico,1963,1.6,6140
Mexico,1964,1.74,6740
Mexico,1965,1.7,7030
Mexico,1966,1.78,7370
Mexico,1967,1.92,7670
Mexico,1968,1.94,8130
Mexico,1969,2.05,8460
Mexico,1970,2.21,8860
Mexico,1971,2.38,9000
Mexico,1972,2.42,9530
Mexico,1973,2.56,10100
Moldova,1963,4,5460
Moldova,1964,4.17,6200
Moldova,1965,4.35,6590
Moldova,1966,4.52,7050
Moldova,1967,4.66,7500
Moldova,1968,4.73,8110
Moldova,1969,4.85,8390
Moldova,1970,5.04,9220
Moldova,1971,5.27,9660
Moldova,1972,5.47,9900
Moldova,1973,5.63,10900
Mongolia,1963,1.54,1160
Mongolia,1964,1.9,1190
Mongolia,1965,1.77,1230
Mongolia,1966,1.71,1260
Mongolia,1967,1.81,1300
Mongolia,1968,2.06,1340
Mongolia,1969,2.16,1380
Mongolia,1970,2.23,1430
Mongolia,1971,2.3,1450
Mongolia,1972,2.42,1460
Mongolia,1973,2.49,1540
Montenegro,1963,1.19,3740
Montenegro,1964,1.33,4340
Montenegro,1965,1.35,4420
Montenegro,1966,1.34,4590
Montenegro,1967,1.36,4640
Montenegro,1968,1.47,5020
Montenegro,1969,1.54,5680
Montenegro,1970,2.01,6270
Montenegro,1971,2.16,6670
Montenegro,1972,2,7170
Montenegro,1973,2.35,7300
Morocco,1963,0.294,2480
Morocco,1964,0.319,2490
Morocco,1965,0.299,2500
Morocco,1966,0.374,2550
Morocco,1967,0.362,2610
Morocco,1968,0.367,2670
Morocco,1969,0.372,2730
Morocco,1970,0.455,2790
Morocco,1971,0.501,2850
Morocco,1972,0.482,2840
Morocco,1973,0.565,2860
Mozambique,1963,0.216,438
Mozambique,1964,0.272,447
Mozambique,1965,0.249,444
Mozambique,1966,0.258,440
Mozambique,1967,0.222,480
Mozambique,1968,0.323,490
Mozambique,1969,0.368,512
Mozambique,1970,0.331,483
Mozambique,1971,0.391,507
Mozambique,1972,0.349,520
Mozambique,1973,0.368,532
Myanmar,1963,0.114,1070
Myanmar,1964,0.121,1040
Myanmar,1965,0.112,1030
Myanmar,1966,0.113,944
Myanmar,1967,0.142,931
Myanmar,1968,0.113,949
Myanmar,1969,0.121,947
Myanmar,1970,0.169,946
Myanmar,1971,0.183,934
Myanmar,1972,0.171,898
Myanmar,1973,0.141,855
Nepal,1963,0.00934,1180
Nepal,1964,0.0139,1190
Nepal,1965,0.0164,1200
Nepal,1966,0.0171,1260
Nepal,1967,0.0187,1220
Nepal,1968,0.0218,1210
Nepal,1969,0.0338,1240
Nepal,1970,0.0188,1250
Nepal,1971,0.0161,1210
Nepal,1972,0.0213,1230
Nepal,1973,0.0328,1200
Netherlands,1963,7.65,16600
Netherlands,1964,8.01,17800
Netherlands,1965,8.2,18600
Netherlands,1966,8.36,18900
Netherlands,1967,8.5,19800
Netherlands,1968,8.94,20900
Netherlands,1969,9.02,22100
Netherlands,1970,10.9,23200
Netherlands,1971,10.7,24000
Netherlands,1972,11.9,24600
Netherlands,1973,12.3,25700
New Zealand,1963,4.83,19000
New Zealand,1964,5.08,19600
New Zealand,1965,5.21,20500
New Zealand,1966,5.25,21500
New Zealand,1967,5.05,20300
New Zealand,1968,4.93,20100
New Zealand,1969,5.14,22000
New Zealand,1970,5.04,21500
New Zealand,1971,5.25,22300
New Zealand,1972,5.53,22900
New Zealand,1973,6.09,24100
Nicaragua,1963,0.433,4530
Nicaragua,1964,0.473,4950
Nicaragua,1965,0.378,5300
Nicaragua,1966,0.45,5350
Nicaragua,1967,0.492,5590
Nicaragua,1968,0.544,5540
Nicaragua,1969,0.551,5780
Nicaragua,1970,0.583,5700
Nicaragua,1971,0.607,5840
Nicaragua,1972,0.628,5910
Nicaragua,1973,0.693,6080
Niger,1963,0.0238,1700
Niger,1964,0.0251,1670
Niger,1965,0.0234,1760
Niger,1966,0.0337,1710
Niger,1967,0.0318,1690
Niger,1968,0.0378,1670
Niger,1969,0.0435,1590
Niger,1970,0.0479,1610
Niger,1971,0.0498,1670
Niger,1972,0.053,1560
Niger,1973,0.0673,1270
Nigeria,1963,0.111,1670
Nigeria,1964,0.148,1690
Nigeria,1965,0.235,1750
Nigeria,1966,0.252,1640
Nigeria,1967,0.245,1350
Nigeria,1968,0.124,1300
Nigeria,1969,0.221,1600
Nigeria,1970,0.385,2030
Nigeria,1971,0.563,2200
Nigeria,1972,0.706,2220
Nigeria,1973,0.825,2340
North Korea,1963,2.72,981
North Korea,1964,2.9,1040
North Korea,1965,3.53,1070
North Korea,1966,3.7,1170
North Korea,1967,3.97,1230
North Korea,1968,4.36,1350
North Korea,1969,4.58,1520
North Korea,1970,5.1,1620
North Korea,1971,7.26,1730
North Korea,1972,5.89,1850
North Korea,1973,6.25,1990
North Macedonia,1963,2.98,4990
North Macedonia,1964,3.33,6390
North Macedonia,1965,3.37,5800
North Macedonia,1966,3.29,6250
North Macedonia,1967,3.27,6480
North Macedonia,1968,3.44,6630
North Macedonia,1969,3.51,7270
North Macedonia,1970,4.53,7780
North Macedonia,1971,4.83,8200
North Macedonia,1972,4.49,8510
North Macedonia,1973,5.32,8940
Norway,1963,4.08,15100
Norway,1964,4.38,15900
Norway,1965,4.4,16700
Norway,1966,5.21,17300
Norway,1967,5.1,18400
Norway,1968,5.54,18800
Norway,1969,5.78,19600
Norway,1970,7.22,20000
Norway,1971,6.96,21100
Norway,1972,7.48,22100
Norway,1973,7.7,23100
Pakistan,1963,0.323,1340
Pakistan,1964,0.323,1400
Pakistan,1965,0.331,1430
Pakistan,1966,0.328,1500
Pakistan,1967,0.339,1520
Pakistan,1968,0.379,1580
Pakistan,1969,0.357,1640
Pakistan,1970,0.353,1760
Pakistan,1971,0.326,1720
Pakistan,1972,0.308,1690
Pakistan,1973,0.317,1760
Panama,1963,0.956,4640
Panama,1964,0.974,4750
Panama,1965,1.16,5060
Panama,1966,1.22,5330
Panama,1967,1.22,5670
Panama,1968,1.41,5960
Panama,1969,1.39,6300
Panama,1970,1.45,6550
Panama,1971,1.66,7050
Panama,1972,1.74,7240
Panama,1973,1.96,7500
Papua New Guinea,1963,0.108,1430
Papua New Guinea,1964,0.11,1540
Papua New Guinea,1965,0.122,1690
Papua New Guinea,1966,0.134,1770
Papua New Guinea,1967,0.168,1830
Papua New Guinea,1968,0.189,1890
Papua New Guinea,1969,0.205,2020
Papua New Guinea,1970,0.249,2220
Papua New Guinea,1971,0.29,2330
Papua New Guinea,1972,0.435,2430
Papua New Guinea,1973,0.45,2560
Paraguay,1963,0.199,3030
Paraguay,1964,0.204,3120
Paraguay,1965,0.253,3250
Paraguay,1966,0.23,3240
Paraguay,1967,0.213,3400
Paraguay,1968,0.251,3470
Paraguay,1969,0.216,3550
Paraguay,1970,0.301,3720
Paraguay,1971,0.25,3870
Paraguay,1972,0.275,4060
Paraguay,1973,0.326,4290
Peru,1963,0.925,6140
Peru,1964,1.08,6370
Peru,1965,1.02,6600
Peru,1966,1.1,6940
Peru,1967,1.1,7000
Peru,1968,1.14,6720
Peru,1969,1.17,6690
Peru,1970,1.32,7000
Peru,1971,1.34,7100
Peru,1972,1.28,7110
Peru,1973,1.35,7270
Philippines,1963,0.396,2970
Philippines,1964,0.428,2980
Philippines,1965,0.452,3040
Philippines,1966,0.506,3090
Philippines,1967,0.555,3160
Philippines,1968,0.658,3220
Philippines,1969,0.657,3280
Philippines,1970,0.692,3310
Philippines,1971,0.748,3390
Philippines,1972,0.697,3480
Philippines,1973,0.808,3690
Poland,1963,7.52,6620
Poland,1964,7.83,6890
Poland,1965,7.88,7240
Poland,1966,7.98,7680
Poland,1967,8.13,7950
Poland,1968,8.59,8410
Poland,1969,9.06,8320
Poland,1970,9.33,8740
Poland,1971,9.52,9340
Poland,1972,9.95,10000
Poland,1973,10.1,10700
Portugal,1963,1.13,6610
Portugal,1964,1.24,7050
Portugal,1965,1.31,7610
Portugal,1966,1.34,7980
Portugal,1967,1.42,8640
Portugal,1968,1.5,9450
Portugal,1969,1.69,9720
Portugal,1970,1.76,10700
Portugal,1971,1.88,11600
Portugal,1972,2.08,12600
Portugal,1973,2.24,14100
Qatar,1963,99.5,32700
Qatar,1964,92.9,40800
Qatar,1965,85.5,50900
Qatar,1966,78.6,63500
Qatar,1967,77.5,79100
Qatar,1968,76,98700
Qatar,1969,71.1,123000
Qatar,1970,69.1,153000
Qatar,1971,76.6,154000
Qatar,1972,82.6,155000
Qatar,1973,87.7,157000
Romania,1963,3.65,2470
Romania,1964,3.75,2780
Romania,1965,4.06,3090
Romania,1966,4.3,3510
Romania,1967,4.65,3930
Romania,1968,4.99,4250
Romania,1969,5.5,4570
Romania,1970,5.84,5110
Romania,1971,6.05,5570
Romania,1972,6.3,6370
Romania,1973,6.82,7290
Russia,1963,8.3,7810
Russia,1964,8.74,8370
Russia,1965,9.19,8890
Russia,1966,9.64,9600
Russia,1967,10,10300
Russia,1968,10.2,11000
Russia,1969,10.6,11400
Russia,1970,11.1,12500
Russia,1971,11.7,13100
Russia,1972,12.3,13600
Russia,1973,12.7,14800
Rwanda,1963,0.0272,714
Rwanda,1964,0.0116,622
Rwanda,1965,0.0147,630
Rwanda,1966,0.0132,616
Rwanda,1967,0.0118,670
Rwanda,1968,0.0156,669
Rwanda,1969,0.0161,729
Rwanda,1970,0.0156,745
Rwanda,1971,0.0161,732
Rwanda,1972,0.0165,712
Rwanda,1973,0.017,715
Samoa,1963,0.184,3910
Samoa,1964,0.208,3950
Samoa,1965,0.231,4000
Samoa,1966,0.196,4040
Samoa,1967,0.191,4080
Samoa,1968,0.213,4130
Samoa,1969,0.209,4170
Samoa,1970,0.205,4220
Samoa,1971,0.252,4270
Samoa,1972,0.249,4310
Samoa,1973,0.246,4360
Sao Tome and Principe,1963,0.114,1910
Sao Tome and Principe,1964,0.171,2020
Sao Tome and Principe,1965,0.17,2110
Sao Tome and Principe,1966,0.166,2230
Sao Tome and Principe,1967,0.162,2330
Sao Tome and Principe,1968,0.209,2420
Sao Tome and Principe,1969,0.202,2520
Sao Tome and Principe,1970,0.197,2610
Sao Tome and Principe,1971,0.144,2700
Sao Tome and Principe,1972,0.141,2700
Sao Tome and Principe,1973,0.185,2690
Saudi Arabia,1963,1.54,8740
Saudi Arabia,1964,1.51,9270
Saudi Arabia,1965,0.871,10100
Saudi Arabia,1966,1.28,11300
Saudi Arabia,1967,4.91,12000
Saudi Arabia,1968,5.4,12700
Saudi Arabia,1969,6.3,13300
Saudi Arabia,1970,7.76,14100
Saudi Arabia,1971,9.8,15700
Saudi Arabia,1972,11,17600
Saudi Arabia,1973,14.2,20500
Senegal,1963,0.247,2810
Senegal,1964,0.258,2800
Senegal,1965,0.46,2830
Senegal,1966,0.454,2830
Senegal,1967,0.179,2730
Senegal,1968,0,2830
Senegal,1969,0.119,2570
Senegal,1970,0.307,2720
Senegal,1971,0.308,2640
Senegal,1972,0.322,2730
Senegal,1973,0.333,2500
Serbia,1963,2.37,5480
Serbia,1964,2.67,6010
Serbia,1965,2.72,6080
Serbia,1966,2.68,6620
Serbia,1967,2.69,6740
Serbia,1968,2.86,6870
Serbia,1969,2.94,7670
Serbia,1970,3.81,7890
Serbia,1971,4.07,8650
Serbia,1972,3.78,9040
Serbia,1973,4.48,9570
Sierra Leone,1963,0.153,1380
Sierra Leone,1964,0.123,1370
Sierra Leone,1965,0.113,1430
Sierra Leone,1966,0.118,1490
Sierra Leone,1967,0.0974,1440
Sierra Leone,1968,0.137,1550
Sierra Leone,1969,0.403,1650
Sierra Leone,1970,0.313,1660
Sierra Leone,1971,0.287,1630
Sierra Leone,1972,0.238,1610
Sierra Leone,1973,0.185,1620
Singapore,1963,1.9,4900
Singapore,1964,2.02,4670
Singapore,1965,1.35,4960
Singapore,1966,0.351,5440
Singapore,1967,1.56,6050
Singapore,1968,2.71,6840
Singapore,1969,3.54,7760
Singapore,1970,8.79,8810
Singapore,1971,7.86,9820
Singapore,1972,10.3,11100
Singapore,1973,9.69,12200
Slovak Republic,1963,8.97,9740
Slovak Republic,1964,9.24,10100
Slovak Republic,1965,8.92,10400
Slovak Republic,1966,8.8,10800
Slovak Republic,1967,8.72,11300
Slovak Republic,1968,9.07,11700
Slovak Republic,1969,9.57,12000
Slovak Republic,1970,10.9,12200
Slovak Republic,1971,11.3,12600
Slovak Republic,1972,11.3,12900
Slovak Republic,1973,11.3,13300
Slovenia,1963,3.23,10400
Slovenia,1964,3.64,11300
Slovenia,1965,3.73,11200
Slovenia,1966,3.68,11800
Slovenia,1967,3.7,12100
Slovenia,1968,3.94,12800
Slovenia,1969,4.06,13900
Slovenia,1970,5.28,15100
Slovenia,1971,5.64,16200
Slovenia,1972,5.24,16900
Slovenia,1973,6.2,17900
Solomon Islands,1963,0.114,1340
Solomon Islands,1964,0.138,1370
Solomon Islands,1965,0.188,1400
Solomon Islands,1966,0.182,1430
Solomon Islands,1967,0.227,1460
Solomon Islands,1968,0.245,1490
Solomon Islands,1969,0.237,1410
Solomon Islands,1970,0.252,1440
Solomon Islands,1971,0.287,1430
Solomon Islands,1972,0.319,991
Solomon Islands,1973,0.368,1070
Somalia,1963,0.035,1470
Somalia,1964,0.0452,1280
Somalia,1965,0.043,1170
Somalia,1966,0.0443,1310
Somalia,1967,0.0704,1350
Somalia,1968,0.0465,1350
Somalia,1969,0.0476,1150
Somalia,1970,0.0628,1230
Somalia,1971,0.0539,1240
Somalia,1972,0.0674,1420
Somalia,1973,0.0752,1240
South Africa,1963,5.96,8780
South Africa,1964,6.33,9260
South Africa,1965,6.62,9590
South Africa,1966,6.45,9790
South Africa,1967,6.56,10200
South Africa,1968,6.59,10400
South Africa,1969,6.66,10600
South Africa,1970,6.78,11000
South Africa,1971,7.44,11200
South Africa,1972,7.37,11100
South Africa,1973,7.26,11300
South Korea,1963,0.767,1960
South Korea,1964,0.787,2070
South Korea,1965,0.865,2150
South Korea,1966,1.01,2330
South Korea,1967,1.16,2460
South Korea,1968,1.21,2710
South Korea,1969,1.35,3010
South Korea,1970,1.67,3210
South Korea,1971,1.78,3450
South Korea,1972,1.8,3600
South Korea,1973,2.14,4030
South Sudan,1963,0.0465,2700
South Sudan,1964,0.0505,2620
South Sudan,1965,0.0646,2740
South Sudan,1966,0.0689,2650
South Sudan,1967,0.0813,2520
South Sudan,1968,0.0775,2620
South Sudan,1969,0.102,2720
South Sudan,1970,0.116,2550
South Sudan,1971,0.116,2660
South Sudan,1972,0.122,2550
South Sudan,1973,0.121,2270
Spain,1963,1.87,7900
Spain,1964,2.02,8320
Spain,1965,2.21,8960
Spain,1966,2.39,9590
Spain,1967,2.63,10100
Spain,1968,2.93,10600
Spain,1969,2.89,11600
Spain,1970,3.45,11900
Spain,1971,3.75,12500
Spain,1972,4.18,13700
Spain,1973,4.42,14900
Sri Lanka,1963,0.239,2360
Sri Lanka,1964,0.21,2400
Sri Lanka,1965,0.239,2410
Sri Lanka,1966,0.234,2320
Sri Lanka,1967,0.253,2460
Sri Lanka,1968,0.271,2570
Sri Lanka,1969,0.354,2600
Sri Lanka,1970,0.288,2650
Sri Lanka,1971,0.251,2560
Sri Lanka,1972,0.272,2560
Sri Lanka,1973,0.278,2600
St. Lucia,1963,0.236,2350
St. Lucia,1964,0.232,2490
St. Lucia,1965,0.267,2620
St. Lucia,1966,0.3,2750
St. Lucia,1967,0.332,2890
St. Lucia,1968,0.363,3040
St. Lucia,1969,0.608,3200
St. Lucia,1970,0.635,3360
St. Lucia,1971,0.662,3540
St. Lucia,1972,0.724,3650
St. Lucia,1973,0.752,3710
St. Vincent and the Grenadines,1963,0.174,3210
St. Vincent and the Grenadines,1964,0.215,3280
St. Vincent and the Grenadines,1965,0.171,3260
St. Vincent and the Grenadines,1966,0.211,3210
St. Vincent and the Grenadines,1967,0.209,2860
St. Vincent and the Grenadines,1968,0.248,3000
St. Vincent and the Grenadines,1969,0.328,3040
St. Vincent and the Grenadines,1970,0.324,3320
St. Vincent and the Grenadines,1971,0.321,3400
St. Vincent and the Grenadines,1972,0.396,4260
St. Vincent and the Grenadines,1973,0.431,3770
Sudan,1963,0.187,2020
Sudan,1964,0.2,2010
Sudan,1965,0.254,2160
Sudan,1966,0.268,2150
Sudan,1967,0.313,2080
Sudan,1968,0.295,2220
Sudan,1969,0.385,2360
Sudan,1970,0.433,2250
Sudan,1971,0.43,2410
Sudan,1972,0.449,2350
Sudan,1973,0.438,2140
Suriname,1963,1.7,7440
Suriname,1964,1.89,7660
Suriname,1965,2.42,7890
Suriname,1966,3.24,8120
Suriname,1967,3.84,8350
Suriname,1968,4.07,8590
Suriname,1969,4.19,8840
Suriname,1970,4.38,9090
Suriname,1971,4.65,9730
Suriname,1972,4.74,10300
Suriname,1973,5.78,10900
Sweden,1963,7.25,18500
Sweden,1964,7.86,19600
Sweden,1965,8.08,20200
Sweden,1966,9.29,20500
Sweden,1967,8.76,21000
Sweden,1968,9.78,21700
Sweden,1969,10.8,22700
Sweden,1970,11.5,23900
Sweden,1971,10.4,24000
Sweden,1972,10.4,24500
Sweden,1973,10.7,25500
Switzerland,1963,5.19,37400
Switzerland,1964,4.93,38700
Switzerland,1965,5.22,39400
Switzerland,1966,5.34,39900
Switzerland,1967,5.45,40600
Switzerland,1968,5.96,41500
Switzerland,1969,6.25,43200
Switzerland,1970,6.55,45400
Switzerland,1971,6.76,46700
Switzerland,1972,6.87,47700
Switzerland,1973,7.35,48800
Syria,1963,0.717,6810
Syria,1964,0.839,6740
Syria,1965,0.684,6510
Syria,1966,0.885,5820
Syria,1967,0.803,6100
Syria,1968,1,6130
Syria,1969,1.18,7040
Syria,1970,1.05,6560
Syria,1971,1.35,6970
Syria,1972,1.14,8420
Syria,1973,1.12,7440
Taiwan,1963,1.25,2860
Taiwan,1964,1.36,3110
Taiwan,1965,1.38,3350
Taiwan,1966,1.46,3550
Taiwan,1967,1.6,3840
Taiwan,1968,1.71,4050
Taiwan,1969,1.81,4320
Taiwan,1970,1.93,4700
Taiwan,1971,2.06,5200
Taiwan,1972,2.3,5770
Taiwan,1973,2.54,6390
Tajikistan,1963,2.04,4680
Tajikistan,1964,2.09,5190
Tajikistan,1965,2.14,5390
Tajikistan,1966,2.19,5550
Tajikistan,1967,2.21,5710
Tajikistan,1968,2.2,5950
Tajikistan,1969,2.22,5940
Tajikistan,1970,2.26,6300
Tajikistan,1971,2.33,6360
Tajikistan,1972,2.38,6290
Tajikistan,1973,2.41,6710
Tanzania,1963,0.0732,928
Tanzania,1964,0.0916,960
Tanzania,1965,0.0999,977
Tanzania,1966,0.114,1080
Tanzania,1967,0.142,1110
Tanzania,1968,0.13,1140
Tanzania,1969,0.137,1140
Tanzania,1970,0.131,1180
Tanzania,1971,0.176,1210
Tanzania,1972,0.15,1260
Tanzania,1973,0.214,1270
Thailand,1963,0.186,2190
Thailand,1964,0.242,2260
Thailand,1965,0.234,2350
Thailand,1966,0.289,2530
Thailand,1967,0.36,2640
Thailand,1968,0.491,2760
Thailand,1969,0.406,2880
Thailand,1970,0.417,2960
Thailand,1971,0.507,2990
Thailand,1972,0.559,3020
Thailand,1973,0.609,3210
Togo,1963,0.0652,1360
Togo,1964,0.0794,1520
Togo,1965,0.0773,1700
Togo,1966,0.101,1820
Togo,1967,0.107,1880
Togo,1968,0.0999,1940
Togo,1969,0.119,2110
Togo,1970,0.13,2030
Togo,1971,0.144,2120
Togo,1972,0.18,2150
Togo,1973,0.179,2010
Tonga,1963,0.159,1790
Tonga,1964,0.153,1810
Tonga,1965,0.148,1820
Tonga,1966,0.143,1840
Tonga,1967,0.186,1850
Tonga,1968,0.181,1870
Tonga,1969,0.133,1880
Tonga,1970,0.304,1900
Tonga,1971,0.214,1920
Tonga,1972,0.255,1930
Tonga,1973,0.295,1950
Trinidad and Tobago,1963,1.47,12000
Trinidad and Tobago,1964,4.2,12000
Trinidad and Tobago,1965,5.7,12200
Trinidad and Tobago,1966,4.41,12400
Trinidad and Tobago,1967,5.01,12400
Trinidad and Tobago,1968,4.34,12800
Trinidad and Tobago,1969,4.17,12900
Trinidad and Tobago,1970,9.52,13300
Trinidad and Tobago,1971,8.48,13200
Trinidad and Tobago,1972,8.51,13500
Trinidad and Tobago,1973,9.57,13400
Tunisia,1963,0.444,2870
Tunisia,1964,0.618,2920
Tunisia,1965,0.541,3030
Tunisia,1966,0.621,3030
Tunisia,1967,0.651,2930
Tunisia,1968,0.742,3160
Tunisia,1969,0.778,3200
Tunisia,1970,0.739,3320
Tunisia,1971,0.814,3590
Tunisia,1972,0.895,4130
Tunisia,1973,0.892,4000
Turkey,1963,0.767,4030
Turkey,1964,0.87,4150
Turkey,1965,0.884,4220
Turkey,1966,0.994,4680
Turkey,1967,1.03,4850
Turkey,1968,1.09,5130
Turkey,1969,1.14,5350
Turkey,1970,1.22,5560
Turkey,1971,1.33,6010
Turkey,1972,1.47,6330
Turkey,1973,1.58,6540
Turkmenistan,1963,10.7,6450
Turkmenistan,1964,11,7140
Turkmenistan,1965,11.3,7410
Turkmenistan,1966,11.6,7640
Turkmenistan,1967,11.8,7850
Turkmenistan,1968,11.8,8170
Turkmenistan,1969,11.9,8160
Turkmenistan,1970,12.2,8650
Turkmenistan,1971,12.6,8740
Turkmenistan,1972,12.9,8640
Turkmenistan,1973,13,9210
Uganda,1963,0.058,1370
Uganda,1964,0.0636,1420
Uganda,1965,0.0785,1410
Uganda,1966,0.0887,1440
Uganda,1967,0.0947,1470
Uganda,1968,0.111,1450
Uganda,1969,0.129,1560
Uganda,1970,0.154,1520
Uganda,1971,0.149,1520
Uganda,1972,0.139,1490
Uganda,1973,0.116,1440
Ukraine,1963,7.05,6780
Ukraine,1964,7.41,7610
Ukraine,1965,7.78,8010
Ukraine,1966,8.14,8370
Ukraine,1967,8.44,8700
Ukraine,1968,8.61,9180
Ukraine,1969,8.9,9280
Ukraine,1970,9.29,9960
Ukraine,1971,9.79,10200
Ukraine,1972,10.2,10200
Ukraine,1973,10.6,11000
United Arab Emirates,1963,0.176,61700
United Arab Emirates,1964,0.133,68600
United Arab Emirates,1965,0.147,75200
United Arab Emirates,1966,0.16,81500
United Arab Emirates,1967,5.4,87400
United Arab Emirates,1968,6.81,92000
United Arab Emirates,1969,101,94100
United Arab Emirates,1970,65,95700
United Arab Emirates,1971,76.3,102000
United Arab Emirates,1972,70.9,93900
United Arab Emirates,1973,77.6,91500
United Kingdom,1963,11.3,17000
United Kingdom,1964,11.3,17800
United Kingdom,1965,11.5,18100
United Kingdom,1966,11.3,18400
United Kingdom,1967,10.8,18700
United Kingdom,1968,11,19400
United Kingdom,1969,11.4,19700
United Kingdom,1970,11.8,20100
United Kingdom,1971,11.9,20500
United Kingdom,1972,11.6,21100
United Kingdom,1973,11.8,22500
United States,1963,16,22500
United States,1964,16.5,23500
United States,1965,17,24600
United States,1966,17.6,25900
United States,1967,18.1,26200
United States,1968,18.6,27100
United States,1969,19.4,27600
United States,1970,20.7,27300
United States,1971,20.6,27700
United States,1972,21.4,28800
United States,1973,22.2,30100
Uruguay,1963,1.64,8590
Uruguay,1964,1.71,8630
Uruguay,1965,2.05,8610
Uruguay,1966,1.98,8810
Uruguay,1967,1.78,8340
Uruguay,1968,1.76,8370
Uruguay,1969,2,8790
Uruguay,1970,2.04,9100
Uruguay,1971,2.06,8960
Uruguay,1972,2.15,8610
Uruguay,1973,2.05,8860
Uzbekistan,1963,5.41,3640
Uzbekistan,1964,5.57,4070
Uzbekistan,1965,5.7,4250
Uzbekistan,1966,5.81,4410
Uzbekistan,1967,5.86,4560
Uzbekistan,1968,5.81,4790
Uzbekistan,1969,5.85,4810
Uzbekistan,1970,5.95,5130
Uzbekistan,1971,6.13,5210
Uzbekistan,1972,6.28,5190
Uzbekistan,1973,6.37,5560
Vanuatu,1963,0.472,1730
Vanuatu,1964,0.864,1760
Vanuatu,1965,0.642,1780
Vanuatu,1966,1.01,1800
Vanuatu,1967,1.07,1820
Vanuatu,1968,0.773,1850
Vanuatu,1969,0.531,1870
Vanuatu,1970,0.472,1890
Vanuatu,1971,0.667,1920
Vanuatu,1972,0.687,1940
Vanuatu,1973,0.587,1970
Venezuela,1963,6.21,15400
Venezuela,1964,6.04,16300
Venezuela,1965,6.27,16700
Venezuela,1966,5.69,16500
Venezuela,1967,6.35,16600
Venezuela,1968,6.13,16900
Venezuela,1969,6.24,17000
Venezuela,1970,6.54,17800
Venezuela,1971,5.33,17700
Venezuela,1972,5.17,17600
Venezuela,1973,5.34,18100
Vietnam,1963,0.255,1620
Vietnam,1964,0.321,1630
Vietnam,1965,0.348,1590
Vietnam,1966,0.493,1550
Vietnam,1967,0.573,1320
Vietnam,1968,0.573,1250
Vietnam,1969,0.64,1320
Vietnam,1970,0.65,1310
Vietnam,1971,0.551,1340
Vietnam,1972,0.506,1420
Vietnam,1973,0.538,1470
Yemen,1963,0.525,1820
Yemen,1964,0.644,1830
Yemen,1965,0.686,1850
Yemen,1966,0.596,1870
Yemen,1967,0.517,1890
Yemen,1968,1.94,1910
Yemen,1969,0.767,1930
Yemen,1970,0.406,2280
Yemen,1971,0.314,2620
Yemen,1972,0.234,2770
Yemen,1973,0.42,3040
Zambia,1963,1.03,1750
Zambia,1964,0.946,1960
Zambia,1965,1.1,2290
Zambia,1966,0.951,2140
Zambia,1967,1.26,2280
Zambia,1968,1.17,2280
Zambia,1969,1.06,2230
Zambia,1970,0.902,2300
Zambia,1971,0.877,2260
Zambia,1972,0.91,2430
Zambia,1973,0.993,2370
Zimbabwe,1963,1.13,1780
Zimbabwe,1964,1.03,1920
Zimbabwe,1965,1.17,2020
Zimbabwe,1966,1.31,2030
Zimbabwe,1967,1.11,2170
Zimbabwe,1968,1.29,2180
Zimbabwe,1969,1.32,2410
Zimbabwe,1970,1.54,2900
Zimbabwe,1971,1.6,3110
Zimbabwe,1972,1.45,3330
Zimbabwe,1973,1.58,3410