Country,Year,Employment,Schooling
Afghanistan,1991,70.5,1.6
Afghanistan,1992,70.3,1.6
Afghanistan,1993,70.1,1.7
Afghanistan,1994,69.9,1.8
Afghanistan,1995,69.8,1.8
Afghanistan,1996,69.7,1.9
Afghanistan,1997,69.8,1.9
Afghanistan,1998,69.9,2
Afghanistan,1999,69.9,2
Afghanistan,2000,70,2.1
Afghanistan,2001,70,2.1
Albania,1991,64.7,7.9
Albania,1992,65.2,8
Albania,1993,64.4,8.2
Albania,1994,63.6,8.3
Albania,1995,62.3,8.4
Albania,1996,61.7,8.6
Albania,1997,62.5,8.7
Albania,1998,62.1,8.8
Albania,1999,61.2,9
Albania,2000,60.7,9.1
Albania,2001,59.9,9.2
Algeria,1991,60.7,2.6
Algeria,1992,57.9,2.7
Algeria,1993,56.8,2.8
Algeria,1994,56,3
Algeria,1995,52.8,3.1
Algeria,1996,55.4,3.2
Algeria,1997,57.4,3.3
Algeria,1998,55.8,3.4
Algeria,1999,54,3.5
Algeria,2000,52.4,3.7
Algeria,2001,53.9,3.8
Angola,1991,76.2,3.1
Angola,1992,76.4,3.2
Angola,1993,76.7,3.3
Angola,1994,76.6,3.4
Angola,1995,76.4,3.5
Angola,1996,76.3,3.6
Angola,1997,76.1,3.7
Angola,1998,76.1,3.8
Angola,1999,75.8,3.9
Angola,2000,75.6,4
Angola,2001,75.6,4.1
Argentina,1991,72.1,8.1
Argentina,1992,71.2,8.2
Argentina,1993,69.2,8.3
Argentina,1994,67.5,8.4
Argentina,1995,62.6,8.5
Argentina,1996,63.1,8.6
Argentina,1997,65.3,8.6
Argentina,1998,66.2,8.7
Argentina,1999,65,8.8
Argentina,2000,64.5,8.9
Argentina,2001,62,9
Armenia,1991,67.2,9.5
Armenia,1992,66.6,9.6
Armenia,1993,64.6,9.7
Armenia,1994,63,9.8
Armenia,1995,63.2,9.9
Armenia,1996,62,10
Armenia,1997,60.8,10.1
Armenia,1998,60.1,10.3
Armenia,1999,58.2,10.4
Armenia,2000,57.4,10.5
Armenia,2001,56.8,10.6
Australia,1991,67.4,10.7
Australia,1992,65.9,10.8
Australia,1993,65.2,10.8
Australia,1994,66.4,10.9
Australia,1995,67.5,11
Australia,1996,67.3,11.1
Australia,1997,66.9,11.1
Australia,1998,67.1,11.2
Australia,1999,67.4,11.3
Australia,2000,67.7,11.3
Australia,2001,67.1,11.4
Austria,1991,67.7,10.7
Austria,1992,67.7,10.7
Austria,1993,67.1,10.8
Austria,1994,68,10.9
Austria,1995,67.6,10.9
Austria,1996,66,11
Austria,1997,65.5,11.1
Austria,1998,65.3,11.1
Austria,1999,65.9,11.2
Austria,2000,65.6,11.3
Austria,2001,65.2,11.3
Azerbaijan,1991,78.3,9.9
Azerbaijan,1992,79.6,10.1
Azerbaijan,1993,79.6,10.2
Azerbaijan,1994,79.8,10.3
Azerbaijan,1995,80,10.5
Azerbaijan,1996,79.1,10.6
Azerbaijan,1997,77.9,10.7
Azerbaijan,1998,76.3,10.9
Azerbaijan,1999,74.9,11
Azerbaijan,2000,73.2,11.1
Azerbaijan,2001,71.8,11.2
Bahamas,1991,70.5,8.7
Bahamas,1992,69.8,8.8
Bahamas,1993,71.6,8.9
Bahamas,1994,72,9
Bahamas,1995,74.1,9.1
Bahamas,1996,75.2,9.2
Bahamas,1997,75.3,9.3
Bahamas,1998,77.2,9.4
Bahamas,1999,76.7,9.5
Bahamas,2000,76.2,9.6
Bahamas,2001,75.7,9.7
Bahrain,1991,87.2,5.9
Bahrain,1992,87,6.1
Bahrain,1993,87,6.2
Bahrain,1994,87.2,6.4
Bahrain,1995,87.4,6.6
Bahrain,1996,86.8,6.8
Bahrain,1997,86.4,7
Bahrain,1998,86.2,7.2
Bahrain,1999,86.2,7.4
Bahrain,2000,86.4,7.5
Bahrain,2001,85.6,7.7
Bangladesh,1991,86.4,3.7
Bangladesh,1992,86.2,3.8
Bangladesh,1993,86,3.8
Bangladesh,1994,85.8,3.9
Bangladesh,1995,85.6,3.9
Bangladesh,1996,85.3,4
Bangladesh,1997,84.9,4
Bangladesh,1998,84.5,4.1
Bangladesh,1999,84.1,4.1
Bangladesh,2000,83.7,4.2
Bangladesh,2001,83.3,4.2
Belarus,1991,66,9.8
Belarus,1992,64,10
Belarus,1993,60.3,10.1
Belarus,1994,57.7,10.2
Belarus,1995,54.6,10.3
Belarus,1996,50,10.4
Belarus,1997,54.3,10.6
Belarus,1998,55.7,10.7
Belarus,1999,56.2,10.8
Belarus,2000,56.9,10.9
Belarus,2001,57.5,11
Belgium,1991,58.3,10.3
Belgium,1992,57.8,10.5
Belgium,1993,56.5,10.6
Belgium,1994,56.2,10.7
Belgium,1995,56.5,10.8
Belgium,1996,56.2,10.9
Belgium,1997,56.2,11
Belgium,1998,55.8,11.1
Belgium,1999,56.5,11.2
Belgium,2000,58.1,11.3
Belgium,2001,56.9,11.4
Belize,1991,75.9,6.8
Belize,1992,75.2,6.9
Belize,1993,74.8,7
Belize,1994,73.9,7.1
Belize,1995,73.3,7.2
Belize,1996,72.2,7.3
Belize,1997,74.3,7.4
Belize,1998,72.7,7.5
Belize,1999,74.1,7.6
Belize,2000,75.8,7.7
Belize,2001,76.9,7.8
Benin,1991,87.3,2.1
Benin,1992,87.3,2.2
Benin,1993,86.5,2.3
Benin,1994,85.8,2.4
Benin,1995,85.1,2.4
Benin,1996,84.2,2.5
Benin,1997,83.3,2.6
Benin,1998,82.3,2.7
Benin,1999,81.3,2.8
Benin,2000,80.2,2.9
Benin,2001,79.1,3
Bolivia,1991,80.5,6.1
Bolivia,1992,80.3,6.2
Bolivia,1993,80.3,6.3
Bolivia,1994,80.3,6.5
Bolivia,1995,80.4,6.6
Bolivia,1996,80.5,6.7
Bolivia,1997,80.6,6.9
Bolivia,1998,80.5,7
Bolivia,1999,80.3,7.1
Bolivia,2000,80.2,7.3
Bolivia,2001,80.3,7.4
Bosnia and Herzegovina,1991,53.2,6.6
Bosnia and Herzegovina,1992,52.8,6.8
Bosnia and Herzegovina,1993,52,6.9
Bosnia and Herzegovina,1994,51.3,7.1
Bosnia and Herzegovina,1995,50.2,7.2
Bosnia and Herzegovina,1996,49.3,7.4
Bosnia and Herzegovina,1997,48.6,7.5
Bosnia and Herzegovina,1998,47.7,7.7
Bosnia and Herzegovina,1999,46.5,7.8
Bosnia and Herzegovina,2000,45.5,8
Bosnia and Herzegovina,2001,44.6,8.1
Botswana,1991,66.9,3
Botswana,1992,64.7,3.1
Botswana,1993,62.3,3.2
Botswana,1994,59.6,3.4
Botswana,1995,59.3,3.5
Botswana,1996,58.8,3.6
Botswana,1997,58.7,3.7
Botswana,1998,58.6,3.8
Botswana,1999,58.6,4
Botswana,2000,58.1,4.1
Botswana,2001,57.5,4.2
Brazil,1991,78.4,4.7
Brazil,1992,77.9,4.8
Brazil,1993,77.7,4.9
Brazil,1994,77.2,5
Brazil,1995,76.7,5.1
Brazil,1996,74.7,5.2
Brazil,1997,74.6,5.4
Brazil,1998,73.4,5.5
Brazil,1999,72.7,5.6
Brazil,2000,72.4,5.7
Brazil,2001,71.9,5.8
Bulgaria,1991,52.9,10
Bulgaria,1992,52.9,10.1
Bulgaria,1993,52.1,10.3
Bulgaria,1994,51.5,10.4
Bulgaria,1995,51,10.5
Bulgaria,1996,50.4,10.6
Bulgaria,1997,49.9,10.7
Bulgaria,1998,50.1,10.8
Bulgaria,1999,48.7,10.9
Bulgaria,2000,46.6,11
Bulgaria,2001,45,11.1
Burkina Faso,1991,88.7,0.9
Burkina Faso,1992,88.4,0.9
Burkina Faso,1993,88.2,1
Burkina Faso,1994,87.9,1
Burkina Faso,1995,87.7,1
Burkina Faso,1996,87.4,1.1
Burkina Faso,1997,87.1,1.1
Burkina Faso,1998,86.9,1.2
Burkina Faso,1999,86.5,1.2
Burkina Faso,2000,86.2,1.3
Burkina Faso,2001,85.9,1.3
Burundi,1991,87.8,2.2
Burundi,1992,87.2,2.3
Burundi,1993,86.5,2.3
Burundi,1994,85.7,2.4
Burundi,1995,84.8,2.5
Burundi,1996,84.1,2.5
Burundi,1997,83.3,2.6
Burundi,1998,82.4,2.7
Burundi,1999,81.5,2.7
Burundi,2000,80.7,2.8
Burundi,2001,80,2.9
Cambodia,1991,82.3,3.8
Cambodia,1992,82.7,3.9
Cambodia,1993,83.2,4
Cambodia,1994,84.6,4.1
Cambodia,1995,84.3,4.1
Cambodia,1996,84,4.2
Cambodia,1997,83.4,4.3
Cambodia,1998,82.6,4.4
Cambodia,1999,82,4.5
Cambodia,2000,80.5,4.6
Cambodia,2001,84.9,4.6
Cameroon,1991,79.7,4.1
Cameroon,1992,79.7,4.3
Cameroon,1993,79.6,4.4
Cameroon,1994,79.4,4.5
Cameroon,1995,79.4,4.7
Cameroon,1996,79.3,4.8
Cameroon,1997,79.3,4.9
Cameroon,1998,79.2,5.1
Cameroon,1999,79,5.2
Cameroon,2000,79,5.3
Cameroon,2001,79.1,5.5
Canada,1991,66.9,12.5
Canada,1992,64.9,12.6
Canada,1993,64.5,12.7
Canada,1994,65,12.9
Canada,1995,65.2,13
Canada,1996,64.8,13.1
Canada,1997,65.4,13.2
Canada,1998,65.8,13.3
Canada,1999,66.5,13.4
Canada,2000,67.1,13.5
Canada,2001,66.6,13.6
Cape Verde,1991,75.7,2.9
Cape Verde,1992,75,3
Cape Verde,1993,74.4,3.1
Cape Verde,1994,73.7,3.3
Cape Verde,1995,73,3.4
Cape Verde,1996,72.1,3.5
Cape Verde,1997,71.3,3.6
Cape Verde,1998,70.3,3.7
Cape Verde,1999,69.3,3.8
Cape Verde,2000,68.3,3.9
Cape Verde,2001,67.3,4
Central African Republic,1991,77.7,2.9
Central African Republic,1992,77.7,3
Central African Republic,1993,77.6,3.1
Central African Republic,1994,77.4,3.1
Central African Republic,1995,77.2,3.2
Central African Republic,1996,77.2,3.3
Central African Republic,1997,77.1,3.4
Central African Republic,1998,77,3.5
Central African Republic,1999,76.8,3.6
Central African Republic,2000,76.7,3.7
Central African Republic,2001,76.8,3.8
Chad,1991,79.2,1.4
Chad,1992,79.2,1.5
Chad,1993,79.4,1.6
Chad,1994,79.3,1.6
Chad,1995,79.3,1.7
Chad,1996,79.5,1.7
Chad,1997,79.5,1.8
Chad,1998,79.5,1.9
Chad,1999,79.5,1.9
Chad,2000,79.5,2
Chad,2001,79.5,2.1
Chile,1991,73.5,8.2
Chile,1992,74.5,8.4
Chile,1993,74.2,8.5
Chile,1994,73.2,8.6
Chile,1995,74,8.7
Chile,1996,72.6,8.8
Chile,1997,72.4,8.9
Chile,1998,72.1,9.1
Chile,1999,68.9,9.2
Chile,2000,68.3,9.3
Chile,2001,67.7,9.4
China,1991,82.5,5.5
China,1992,82.5,5.7
China,1993,82.2,5.8
China,1994,82,5.9
China,1995,81.8,6
China,1996,81.6,6.1
China,1997,81.4,6.3
China,1998,81.1,6.4
China,1999,80.7,6.5
China,2000,80.3,6.6
China,2001,79.3,6.7
Colombia,1991,77.2,5.3
Colombia,1992,78,5.4
Colombia,1993,79.3,5.4
Colombia,1994,79.4,5.5
Colombia,1995,78.2,5.6
Colombia,1996,75.9,5.7
Colombia,1997,75.5,5.7
Colombia,1998,73,5.8
Colombia,1999,68.7,5.9
Colombia,2000,68.7,5.9
Colombia,2001,73.1,6
Comoros,1991,51.5,2.2
Comoros,1992,51.3,2.3
Comoros,1993,51.1,2.4
Comoros,1994,51.3,2.5
Comoros,1995,51.1,2.6
Comoros,1996,50.9,2.7
Comoros,1997,50.6,2.8
Comoros,1998,50.4,2.9
Comoros,1999,50,3
Comoros,2000,49.4,3.1
Comoros,2001,49.2,3.2
"Congo, Dem. Rep.",1991,68.5,5.5
"Congo, Dem. Rep.",1992,69,5.6
"Congo, Dem. Rep.",1993,69.4,5.7
"Congo, Dem. Rep.",1994,69.5,5.8
"Congo, Dem. Rep.",1995,69.5,6
"Congo, Dem. Rep.",1996,69.7,6.1
"Congo, Dem. Rep.",1997,70,6.2
"Congo, Dem. Rep.",1998,70,6.3
"Congo, Dem. Rep.",1999,69.9,6.4
"Congo, Dem. Rep.",2000,70.1,6.6
"Congo, Dem. Rep.",2001,70.2,6.7
"Congo, Rep.",1991,58,5.7
"Congo, Rep.",1992,57.6,5.9
"Congo, Rep.",1993,57.3,6
"Congo, Rep.",1994,57.2,6.1
"Congo, Rep.",1995,57.2,6.3
"Congo, Rep.",1996,57,6.4
"Congo, Rep.",1997,56.8,6.6
"Congo, Rep.",1998,56.9,6.7
"Congo, Rep.",1999,56.9,6.8
"Congo, Rep.",2000,57.1,7
"Congo, Rep.",2001,57.1,7.1
Costa Rica,1991,78.9,6.5
Costa Rica,1992,79,6.6
Costa Rica,1993,79.3,6.7
Costa Rica,1994,79.2,6.8
Costa Rica,1995,79.1,6.9
Costa Rica,1996,76.3,7
Costa Rica,1997,77.8,7.2
Costa Rica,1998,79,7.3
Costa Rica,1999,77.6,7.4
Costa Rica,2000,77,7.5
Costa Rica,2001,77,7.6
Cote d'Ivoire,1991,78.5,2.6
Cote d'Ivoire,1992,78.2,2.6
Cote d'Ivoire,1993,78.7,2.7
Cote d'Ivoire,1994,79.1,2.8
Cote d'Ivoire,1995,79.3,2.9
Cote d'Ivoire,1996,79.2,3
Cote d'Ivoire,1997,79,3.1
Cote d'Ivoire,1998,78.8,3.1
Cote d'Ivoire,1999,77.9,3.2
Cote d'Ivoire,2000,77,3.3
Cote d'Ivoire,2001,76.2,3.4
Croatia,1991,61.5,8.7
Croatia,1992,60.9,8.8
Croatia,1993,60.5,8.9
Croatia,1994,60,9.1
Croatia,1995,59.7,9.2
Croatia,1996,59.2,9.4
Croatia,1997,58.6,9.5
Croatia,1998,57,9.7
Croatia,1999,55.2,9.8
Croatia,2000,53.4,9.9
Croatia,2001,53.4,10.1
Cuba,1991,61.2,8.5
Cuba,1992,62.5,8.6
Cuba,1993,63.9,8.7
Cuba,1994,64.6,8.8
Cuba,1995,64.9,9
Cuba,1996,65.3,9.1
Cuba,1997,65.5,9.2
Cuba,1998,65.8,9.3
Cuba,1999,65.6,9.4
Cuba,2000,65.7,9.6
Cuba,2001,65.9,9.7
Cyprus,1991,72.1,10
Cyprus,1992,71.2,10.2
Cyprus,1993,71.8,10.3
Cyprus,1994,70.8,10.5
Cyprus,1995,70.8,10.6
Cyprus,1996,70.7,10.7
Cyprus,1997,69.6,10.9
Cyprus,1998,69,11
Cyprus,1999,69,11.1
Cyprus,2000,69.6,11.3
Cyprus,2001,70.2,11.4
Czech Republic,1991,69.5,12.7
Czech Republic,1992,69,12.8
Czech Republic,1993,68.8,12.8
Czech Republic,1994,68.8,12.9
Czech Republic,1995,68.9,13
Czech Republic,1996,68.8,13
Czech Republic,1997,67.7,13.1
Czech Republic,1998,66.8,13.1
Czech Republic,1999,64.9,13.2
Czech Republic,2000,64.2,13.2
Czech Republic,2001,64.3,13.3
Denmark,1991,67.2,11.6
Denmark,1992,66.8,11.7
Denmark,1993,64.6,11.8
Denmark,1994,66.2,11.8
Denmark,1995,68.9,11.9
Denmark,1996,68.8,12
Denmark,1997,69.8,12.1
Denmark,1998,69,12.1
Denmark,1999,69.3,12.2
Denmark,2000,68.8,12.3
Denmark,2001,68.6,12.4
Djibouti,1991,71.5,3.3
Djibouti,1992,71.1,3.4
Djibouti,1993,70.5,3.5
Djibouti,1994,70,3.6
Djibouti,1995,69.7,3.7
Djibouti,1996,69.4,3.8
Djibouti,1997,69.3,3.9
Djibouti,1998,69.3,4
Djibouti,1999,69.1,4.1
Djibouti,2000,68.7,4.2
Djibouti,2001,68.3,4.3
Dominican Republic,1991,77.8,5.5
Dominican Republic,1992,77.4,5.6
Dominican Republic,1993,77,5.7
Dominican Republic,1994,77,5.8
Dominican Republic,1995,76.8,6
Dominican Republic,1996,76.6,6.1
Dominican Republic,1997,76.2,6.2
Dominican Republic,1998,75.9,6.3
Dominican Republic,1999,75.7,6.4
Dominican Republic,2000,75.5,6.5
Dominican Republic,2001,73.4,6.6
Ecuador,1991,78.2,6.3
Ecuador,1992,78.3,6.4
Ecuador,1993,78.4,6.5
Ecuador,1994,78.6,6.7
Ecuador,1995,78.7,6.8
Ecuador,1996,78.8,6.9
Ecuador,1997,78.8,7
Ecuador,1998,80.7,7.1
Ecuador,1999,80.5,7.3
Ecuador,2000,80.5,7.4
Ecuador,2001,80.5,7.5
Egypt,1991,68.4,5.5
Egypt,1992,67.8,5.6
Egypt,1993,66.9,5.8
Egypt,1994,68,5.9
Egypt,1995,67,6
Egypt,1996,67.4,6.2
Egypt,1997,67.8,6.3
Egypt,1998,67.7,6.5
Egypt,1999,69.6,6.6
Egypt,2000,68.9,6.7
Egypt,2001,67.3,6.9
El Salvador,1991,76.9,5.2
El Salvador,1992,76.4,5.4
El Salvador,1993,73.3,5.5
El Salvador,1994,76.2,5.6
El Salvador,1995,76,5.7
El Salvador,1996,75,5.8
El Salvador,1997,73.5,6
El Salvador,1998,75,6.1
El Salvador,1999,74,6.2
El Salvador,2000,72.6,6.3
El Salvador,2001,72.6,6.4
Equatorial Guinea,1991,63.5,5.4
Equatorial Guinea,1992,63.6,5.5
Equatorial Guinea,1993,63.5,5.6
Equatorial Guinea,1994,63.5,5.8
Equatorial Guinea,1995,63.4,5.9
Equatorial Guinea,1996,62.7,6
Equatorial Guinea,1997,61.8,6.2
Equatorial Guinea,1998,61.3,6.3
Equatorial Guinea,1999,61,6.4
Equatorial Guinea,2000,61,6.6
Equatorial Guinea,2001,60.6,6.7
Eritrea,1991,84.4,2
Eritrea,1992,84.6,2.1
Eritrea,1993,85,2.1
Eritrea,1994,84.9,2.2
Eritrea,1995,85.1,2.3
Eritrea,1996,84.6,2.4
Eritrea,1997,83.9,2.5
Eritrea,1998,83.4,2.6
Eritrea,1999,82.8,2.7
Eritrea,2000,82.1,2.8
Eritrea,2001,80.6,2.9
Estonia,1991,71.5,9.2
Estonia,1992,69.9,9.3
Estonia,1993,67.9,9.4
Estonia,1994,67,9.5
Estonia,1995,64.2,9.6
Estonia,1996,63.1,9.8
Estonia,1997,62.6,9.9
Estonia,1998,62.4,10
Estonia,1999,59.1,10.1
Estonia,2000,56.6,10.2
Estonia,2001,56.9,10.3
Eswatini,1991,51.7,4.5
Eswatini,1992,51.6,4.7
Eswatini,1993,51.3,4.8
Eswatini,1994,51,5
Eswatini,1995,50.5,5.1
Eswatini,1996,50,5.3
Eswatini,1997,49.4,5.4
Eswatini,1998,48.1,5.6
Eswatini,1999,46.8,5.7
Eswatini,2000,45.8,5.9
Eswatini,2001,45.3,6.1
Ethiopia,1991,87.3,1.2
Ethiopia,1992,87.4,1.2
Ethiopia,1993,87.3,1.3
Ethiopia,1994,87.3,1.3
Ethiopia,1995,87.3,1.4
Ethiopia,1996,87.3,1.5
Ethiopia,1997,87.3,1.5
Ethiopia,1998,87.3,1.6
Ethiopia,1999,87.4,1.6
Ethiopia,2000,87.5,1.7
Ethiopia,2001,87.7,1.7
Fiji,1991,77.3,7.6
Fiji,1992,77.1,7.8
Fiji,1993,77,7.9
Fiji,1994,76.8,8
Fiji,1995,76.6,8.1
Fiji,1996,76.4,8.2
Fiji,1997,76,8.3
Fiji,1998,75.7,8.4
Fiji,1999,75.4,8.5
Fiji,2000,75,8.6
Fiji,2001,75.1,8.7
Finland,1991,64.8,10.1
Finland,1992,59.6,10.2
Finland,1993,55.8,10.3
Finland,1994,55,10.4
Finland,1995,53.7,10.6
Finland,1996,54.1,10.7
Finland,1997,55.9,10.8
Finland,1998,57.1,10.9
Finland,1999,58.6,11
Finland,2000,59.4,11.1
Finland,2001,59.7,11.2
France,1991,59.8,8.6
France,1992,59.1,8.7
France,1993,57.7,8.8
France,1994,56.5,8.9
France,1995,56.9,9.1
France,1996,56.8,9.2
France,1997,56.3,9.3
France,1998,56.5,9.4
France,1999,56.6,9.5
France,2000,57.6,9.6
France,2001,58.2,9.7
Gabon,1991,47.3,5.3
Gabon,1992,47.3,5.4
Gabon,1993,47.2,5.5
Gabon,1994,47.4,5.7
Gabon,1995,47.6,5.8
Gabon,1996,47.8,5.9
Gabon,1997,48,6.1
Gabon,1998,48.2,6.2
Gabon,1999,48.4,6.3
Gabon,2000,48.8,6.5
Gabon,2001,49.1,6.6
Gambia,1991,65.3,2.1
Gambia,1992,65.7,2.2
Gambia,1993,66,2.3
Gambia,1994,65.8,2.4
Gambia,1995,65.8,2.4
Gambia,1996,65.6,2.5
Gambia,1997,65.4,2.6
Gambia,1998,65.3,2.7
Gambia,1999,65,2.8
Gambia,2000,64.8,2.9
Gambia,2001,64.6,3
Georgia,1991,74.1,10.6
Georgia,1992,72.3,10.8
Georgia,1993,72.8,10.9
Georgia,1994,70.8,11
Georgia,1995,71,11.1
Georgia,1996,67.2,11.2
Georgia,1997,66.3,11.3
Georgia,1998,63.6,11.5
Georgia,1999,63.2,11.6
Georgia,2000,65.3,11.7
Georgia,2001,66.5,11.8
Germany,1991,69.2,10.8
Germany,1992,67.7,10.9
Germany,1993,65.8,11
Germany,1994,64.8,11.1
Germany,1995,64.5,11.2
Germany,1996,63.2,11.3
Germany,1997,62.4,11.4
Germany,1998,62.1,11.5
Germany,1999,62.5,11.5
Germany,2000,62.6,11.6
Germany,2001,62,11.7
Ghana,1991,74.7,5.6
Ghana,1992,74.6,5.7
Ghana,1993,74.1,5.8
Ghana,1994,73.5,6
Ghana,1995,73,6.1
Ghana,1996,72.4,6.2
Ghana,1997,71.9,6.3
Ghana,1998,71.2,6.5
Ghana,1999,69.6,6.6
Ghana,2000,69,6.7
Ghana,2001,69.3,6.8
Greece,1991,63.1,8.7
Greece,1992,63.1,8.8
Greece,1993,62.2,8.9
Greece,1994,62.5,9
Greece,1995,62.6,9.2
Greece,1996,62.7,9.3
Greece,1997,62,9.4
Greece,1998,61.7,9.5
Greece,1999,61.1,9.7
Greece,2000,61.2,9.8
Greece,2001,60.6,9.9
Guatemala,1991,84.7,3.4
Guatemala,1992,84.5,3.4
Guatemala,1993,84.3,3.5
Guatemala,1994,84.1,3.6
Guatemala,1995,84,3.7
Guatemala,1996,83.8,3.8
Guatemala,1997,83.8,3.9
Guatemala,1998,83.6,4
Guatemala,1999,83.4,4.1
Guatemala,2000,83.3,4.2
Guatemala,2001,83.4,4.3
Guinea,1991,61.9,1.7
Guinea,1992,62.1,1.7
Guinea,1993,62.1,1.8
Guinea,1994,62.1,1.9
Guinea,1995,62.1,1.9
Guinea,1996,62.2,2
Guinea,1997,62.3,2.1
Guinea,1998,62.2,2.2
Guinea,1999,62.1,2.2
Guinea,2000,61.9,2.3
Guinea,2001,62,2.4
Guinea-Bissau,1991,80.2,1.6
Guinea-Bissau,1992,80.1,1.7
Guinea-Bissau,1993,80,1.8
Guinea-Bissau,1994,79.8,1.8
Guinea-Bissau,1995,79.3,1.9
Guinea-Bissau,1996,79.1,2
Guinea-Bissau,1997,78.9,2
Guinea-Bissau,1998,78.9,2.1
Guinea-Bissau,1999,78.7,2.2
Guinea-Bissau,2000,78.3,2.3
Guinea-Bissau,2001,78.1,2.3
Guyana,1991,74.2,7.6
Guyana,1992,73.9,7.7
Guyana,1993,73.5,7.8
Guyana,1994,73.1,7.9
Guyana,1995,72.7,8
Guyana,1996,72.4,8.1
Guyana,1997,72.1,8.2
Guyana,1998,71.7,8.3
Guyana,1999,71.6,8.4
Guyana,2000,71.4,8.5
Guyana,2001,71.1,8.6
Haiti,1991,72.7,2.6
Haiti,1992,72,2.7
Haiti,1993,71.2,2.8
Haiti,1994,70.3,2.9
Haiti,1995,69.6,3
Haiti,1996,68.6,3.1
Haiti,1997,67.7,3.3
Haiti,1998,66.8,3.4
Haiti,1999,66,3.5
Haiti,2000,64.5,3.6
Haiti,2001,63.9,3.7
Honduras,1991,85.5,4
Honduras,1992,86.2,4.1
Honduras,1993,86,4.2
Honduras,1994,86.1,4.3
Honduras,1995,85.9,4.4
Honduras,1996,85,4.6
Honduras,1997,85.8,4.7
Honduras,1998,85.3,4.8
Honduras,1999,85.5,4.9
Honduras,2000,84.8,5
Honduras,2001,83.9,5.1
Hungary,1991,56.3,9.8
Hungary,1992,56,9.9
Hungary,1993,52.6,10
Hungary,1994,52,10.1
Hungary,1995,52.7,10.1
Hungary,1996,51.4,10.2
Hungary,1997,51.3,10.3
Hungary,1998,51.4,10.4
Hungary,1999,53.4,10.5
Hungary,2000,53.8,10.6
Hungary,2001,54.1,10.7
India,1991,79.8,4.4
India,1992,79.7,4.5
India,1993,79.5,4.6
India,1994,79.4,4.7
India,1995,79.3,4.8
India,1996,79,4.9
India,1997,78.8,5
India,1998,78.6,5.1
India,1999,78.3,5.2
India,2000,78.1,5.3
India,2001,78.1,5.4
Indonesia,1991,80.1,5.2
Indonesia,1992,80,5.3
Indonesia,1993,79.5,5.4
Indonesia,1994,79.6,5.5
Indonesia,1995,79.6,5.7
Indonesia,1996,79.6,5.8
Indonesia,1997,79.6,5.9
Indonesia,1998,78.6,6
Indonesia,1999,78.3,6.1
Indonesia,2000,78.8,6.3
Indonesia,2001,79.2,6.4
Iran,1991,72.6,4.6
Iran,1992,71.7,4.7
Iran,1993,70.7,4.9
Iran,1994,69.8,5
Iran,1995,68.8,5.2
Iran,1996,67.9,5.3
Iran,1997,67.4,5.5
Iran,1998,66.9,5.6
Iran,1999,66.4,5.8
Iran,2000,66.1,5.9
Iran,2001,65.9,6.1
Iraq,1991,69.5,4.7
Iraq,1992,69.3,4.8
Iraq,1993,69.3,4.8
Iraq,1994,69.6,4.9
Iraq,1995,69.6,4.9
Iraq,1996,69.7,5
Iraq,1997,69.7,5
Iraq,1998,69.3,5.1
Iraq,1999,68.9,5.2
Iraq,2000,68.5,5.3
Iraq,2001,68.2,5.4
Ireland,1991,63.2,9.1
Ireland,1992,61.3,9.3
Ireland,1993,60.6,9.4
Ireland,1994,61.5,9.5
Ireland,1995,63.1,9.7
Ireland,1996,63.4,9.8
Ireland,1997,64.6,9.9
Ireland,1998,67.8,10
Ireland,1999,70.3,10.1
Ireland,2000,72.1,10.2
Ireland,2001,72.1,10.4
Israel,1991,63.8,10.9
Israel,1992,63,11
Israel,1993,65,11.1
Israel,1994,67.3,11.2
Israel,1995,67.6,11.3
Israel,1996,66.3,11.4
Israel,1997,64.6,11.5
Israel,1998,62.9,11.6
Israel,1999,62.1,11.7
Israel,2000,62,11.8
Israel,2001,61.3,11.9
Italy,1991,62.1,8.9
Italy,1992,60.3,9
Italy,1993,59.3,9.1
Italy,1994,57.6,9.2
Italy,1995,56.6,9.3
Italy,1996,56.3,9.4
Italy,1997,56,9.5
Italy,1998,55.9,9.6
Italy,1999,56,9.7
Italy,2000,56.1,9.8
Italy,2001,56.4,9.9
Jamaica,1991,71,7.8
Jamaica,1992,70.6,8
Jamaica,1993,69.2,8.1
Jamaica,1994,69.8,8.2
Jamaica,1995,68.7,8.3
Jamaica,1996,69.3,8.5
Jamaica,1997,68.8,8.6
Jamaica,1998,68.9,8.7
Jamaica,1999,68.7,8.8
Jamaica,2000,68.3,8.9
Jamaica,2001,67.9,9.1
Japan,1991,76.2,10.8
Japan,1992,76.6,10.9
Japan,1993,76.4,11
Japan,1994,75.8,11.1
Japan,1995,75.4,11.1
Japan,1996,75.3,11.2
Japan,1997,75.3,11.3
Japan,1998,74.3,11.4
Japan,1999,73.4,11.5
Japan,2000,72.9,11.5
Japan,2001,72,11.6
Jordan,1991,55.5,7.4
Jordan,1992,55.3,7.6
Jordan,1993,55.8,7.8
Jordan,1994,58.4,7.9
Jordan,1995,60.8,8.1
Jordan,1996,61.1,8.3
Jordan,1997,61,8.5
Jordan,1998,60.8,8.7
Jordan,1999,60.5,8.9
Jordan,2000,60.4,9
Jordan,2001,59.7,9.2
Kazakhstan,1991,77.3,9.2
Kazakhstan,1992,77.3,9.4
Kazakhstan,1993,77.5,9.6
Kazakhstan,1994,73.6,9.7
Kazakhstan,1995,71.4,9.9
Kazakhstan,1996,69.8,10.1
Kazakhstan,1997,69.5,10.2
Kazakhstan,1998,69.3,10.4
Kazakhstan,1999,68.8,10.6
Kazakhstan,2000,68.9,10.7
Kazakhstan,2001,69.8,10.9
Kenya,1991,74.6,5.1
Kenya,1992,74.2,5.3
Kenya,1993,73.8,5.4
Kenya,1994,73.4,5.5
Kenya,1995,73,5.7
Kenya,1996,72.6,5.8
Kenya,1997,72.3,6
Kenya,1998,72.2,6.1
Kenya,1999,71.9,6.2
Kenya,2000,71.4,6.4
Kenya,2001,70.9,6.5
Kuwait,1991,80.6,5.1
Kuwait,1992,80.8,5.2
Kuwait,1993,81.6,5.4
Kuwait,1994,82.8,5.5
Kuwait,1995,83.9,5.6
Kuwait,1996,83.3,5.8
Kuwait,1997,82.7,5.9
Kuwait,1998,82.3,6
Kuwait,1999,82.4,6.2
Kuwait,2000,82.5,6.3
Kuwait,2001,82,6.4
Kyrgyz Republic,1991,70.5,9.3
Kyrgyz Republic,1992,71.7,9.4
Kyrgyz Republic,1993,71.5,9.6
Kyrgyz Republic,1994,72.3,9.7
Kyrgyz Republic,1995,72.2,9.9
Kyrgyz Republic,1996,70.7,10
Kyrgyz Republic,1997,70,10.1
Kyrgyz Republic,1998,68.8,10.3
Kyrgyz Republic,1999,69,10.4
Kyrgyz Republic,2000,69.3,10.5
Kyrgyz Republic,2001,68.7,10.7
Lao,1991,80.4,3
Lao,1992,80.4,3.1
Lao,1993,80.3,3.2
Lao,1994,80.1,3.3
Lao,1995,79.9,3.3
Lao,1996,79.9,3.4
Lao,1997,79.8,3.5
Lao,1998,79.7,3.6
Lao,1999,79.6,3.7
Lao,2000,79.5,3.7
Lao,2001,79.4,3.8
Latvia,1991,66.9,9.9
Latvia,1992,65.2,10
Latvia,1993,58.5,10.2
Latvia,1994,57.3,10.3
Latvia,1995,57,10.4
Latvia,1996,55.6,10.5
Latvia,1997,58.3,10.7
Latvia,1998,57.5,10.8
Latvia,1999,57.6,10.9
Latvia,2000,55.2,11
Latvia,2001,54.6,11.1
Lebanon,1991,64.4,6.1
Lebanon,1992,63.7,6.2
Lebanon,1993,63.7,6.4
Lebanon,1994,64,6.5
Lebanon,1995,64.5,6.7
Lebanon,1996,64.2,6.8
Lebanon,1997,64.7,7
Lebanon,1998,65,7.1
Lebanon,1999,65.5,7.3
Lebanon,2000,66.1,7.5
Lebanon,2001,66.6,7.6
Lesotho,1991,60.8,3.9
Lesotho,1992,60.4,4
Lesotho,1993,59.7,4.1
Lesotho,1994,59.2,4.2
Lesotho,1995,58.7,4.3
Lesotho,1996,58.5,4.4
Lesotho,1997,58,4.5
Lesotho,1998,57.9,4.6
Lesotho,1999,57.9,4.7
Lesotho,2000,58.3,4.8
Lesotho,2001,58.2,5
Liberia,1991,80,3.6
Liberia,1992,80.2,3.7
Liberia,1993,80.1,3.8
Liberia,1994,80,4
Liberia,1995,80,4.1
Liberia,1996,79.7,4.2
Liberia,1997,78.8,4.4
Liberia,1998,78.5,4.5
Liberia,1999,78.2,4.6
Liberia,2000,77.7,4.7
Liberia,2001,77.8,4.9
Lithuania,1991,68.9,9.6
Lithuania,1992,69.4,9.8
Lithuania,1993,60.9,9.9
Lithuania,1994,61.4,10.1
Lithuania,1995,58.9,10.3
Lithuania,1996,59.3,10.4
Lithuania,1997,60.3,10.6
Lithuania,1998,59.1,10.8
Lithuania,1999,58.3,10.9
Lithuania,2000,54.4,11.1
Lithuania,2001,52.6,11.2
Luxembourg,1991,68,10
Luxembourg,1992,67.1,10.1
Luxembourg,1993,66.9,10.2
Luxembourg,1994,65.3,10.3
Luxembourg,1995,64.8,10.4
Luxembourg,1996,64.4,10.5
Luxembourg,1997,64.2,10.6
Luxembourg,1998,64.2,10.6
Luxembourg,1999,63.9,10.7
Luxembourg,2000,64.8,10.8
Luxembourg,2001,64.1,10.9
Madagascar,1991,84.2,3.3
Madagascar,1992,84.1,3.4
Madagascar,1993,83.9,3.5
Madagascar,1994,83.9,3.6
Madagascar,1995,83.8,3.7
Madagascar,1996,83.9,3.8
Madagascar,1997,84,3.9
Madagascar,1998,84,4
Madagascar,1999,84,4.1
Madagascar,2000,84,4.2
Madagascar,2001,84.5,4.4
Malawi,1991,75.5,3.8
Malawi,1992,75.4,3.9
Malawi,1993,75.3,4
Malawi,1994,75.3,4.1
Malawi,1995,75.3,4.3
Malawi,1996,75.3,4.4
Malawi,1997,75.4,4.5
Malawi,1998,75.5,4.6
Malawi,1999,75.7,4.7
Malawi,2000,75.9,4.8
Malawi,2001,76,4.9
Malaysia,1991,76.2,6.2
Malaysia,1992,76,6.3
Malaysia,1993,75.6,6.4
Malaysia,1994,75.8,6.6
Malaysia,1995,76,6.7
Malaysia,1996,76.1,6.8
Malaysia,1997,76.2,6.9
Malaysia,1998,76,7.1
Malaysia,1999,75.6,7.2
Malaysia,2000,75.9,7.3
Malaysia,2001,75.5,7.4
Maldives,1991,75.9,3.4
Maldives,1992,75.3,3.5
Maldives,1993,74.6,3.5
Maldives,1994,73.9,3.6
Maldives,1995,73,3.6
Maldives,1996,72.5,3.6
Maldives,1997,71.9,3.7
Maldives,1998,71.2,3.7
Maldives,1999,70.5,3.7
Maldives,2000,69.9,3.8
Maldives,2001,69,3.8
Mali,1991,77.5,1.1
Mali,1992,77.5,1.2
Mali,1993,77.5,1.2
Mali,1994,77.4,1.2
Mali,1995,77.2,1.3
Mali,1996,77.3,1.3
Mali,1997,77.3,1.4
Mali,1998,76.8,1.4
Mali,1999,76.4,1.5
Mali,2000,76,1.5
Mali,2001,75.7,1.6
Mauritania,1991,67.2,1.6
Mauritania,1992,67.1,1.7
Mauritania,1993,66.8,1.8
Mauritania,1994,66.8,1.8
Mauritania,1995,66.4,1.9
Mauritania,1996,66.1,2
Mauritania,1997,66,2
Mauritania,1998,65.9,2.1
Mauritania,1999,65.7,2.2
Mauritania,2000,65.5,2.3
Mauritania,2001,64.9,2.4
Mauritius,1991,75.6,5.8
Mauritius,1992,75.5,6
Mauritius,1993,75.3,6.2
Mauritius,1994,75.1,6.3
Mauritius,1995,75,6.5
Mauritius,1996,74.5,6.7
Mauritius,1997,74.1,6.9
Mauritius,1998,73.6,7.1
Mauritius,1999,73,7.3
Mauritius,2000,72.8,7.4
Mauritius,2001,72.4,7.6
Mexico,1991,82.4,5.9
Mexico,1992,82.7,6.1
Mexico,1993,83,6.2
Mexico,1994,81.3,6.3
Mexico,1995,78,6.5
Mexico,1996,79.4,6.6
Mexico,1997,81.4,6.7
Mexico,1998,81.3,6.9
Mexico,1999,81.5,7
Mexico,2000,80.6,7.1
Mexico,2001,80.1,7.3
Moldova,1991,49.3,9.3
Moldova,1992,49.2,9.4
Moldova,1993,50.2,9.6
Moldova,1994,50.4,9.7
Moldova,1995,51.5,9.8
Moldova,1996,50.4,9.9
Moldova,1997,49.9,10
Moldova,1998,49.4,10.2
Moldova,1999,49.1,10.3
Moldova,2000,50.7,10.4
Moldova,2001,50.3,10.5
Mongolia,1991,59.9,7.7
Mongolia,1992,60.7,7.8
Mongolia,1993,61.3,7.9
Mongolia,1994,61.6,8
Mongolia,1995,61.6,8
Mongolia,1996,61.7,8.1
Mongolia,1997,61.8,8.2
Mongolia,1998,61.9,8.3
Mongolia,1999,61.9,8.3
Mongolia,2000,62,8.4
Mongolia,2001,62,8.5
Montenegro,1991,43,9.8
Montenegro,1992,43,9.9
Montenegro,1993,42.8,10
Montenegro,1994,42.8,10.1
Montenegro,1995,42.8,10.3
Montenegro,1996,42.5,10.4
Montenegro,1997,42.4,10.5
Montenegro,1998,42,10.6
Montenegro,1999,41.8,10.7
Montenegro,2000,41.8,10.8
Montenegro,2001,41.6,10.9
Morocco,1991,66.8,2.7
Morocco,1992,67.1,2.8
Morocco,1993,67.3,2.9
Morocco,1994,66.7,3
Morocco,1995,67.2,3.2
Morocco,1996,66.5,3.3
Morocco,1997,66.7,3.4
Morocco,1998,66.3,3.5
Morocco,1999,66.2,3.6
Morocco,2000,66.5,3.7
Morocco,2001,67.2,3.8
Mozambique,1991,78.5,2.2
Mozambique,1992,78.1,2.3
Mozambique,1993,77.7,2.4
Mozambique,1994,77.5,2.5
Mozambique,1995,77.3,2.5
Mozambique,1996,77.3,2.6
Mozambique,1997,77.1,2.7
Mozambique,1998,78.2,2.7
Mozambique,1999,78.9,2.8
Mozambique,2000,79.4,2.9
Mozambique,2001,79.8,3
Myanmar,1991,87.8,3.8
Myanmar,1992,87.6,3.9
Myanmar,1993,87.4,4
Myanmar,1994,87.2,4
Myanmar,1995,87.1,4.1
Myanmar,1996,86.9,4.2
Myanmar,1997,86.8,4.2
Myanmar,1998,86.6,4.3
Myanmar,1999,86.3,4.4
Myanmar,2000,86,4.5
Myanmar,2001,85.7,4.5
Namibia,1991,51.3,4.6
Namibia,1992,51.6,4.7
Namibia,1993,51.6,4.8
Namibia,1994,52.1,4.9
Namibia,1995,50.4,5.1
Namibia,1996,48.6,5.2
Namibia,1997,46.9,5.3
Namibia,1998,48.2,5.4
Namibia,1999,49.5,5.6
Namibia,2000,50.7,5.7
Namibia,2001,50.7,5.8
Nepal,1991,89.2,2.4
Nepal,1992,89,2.5
Nepal,1993,89,2.6
Nepal,1994,88.9,2.7
Nepal,1995,88.9,2.8
Nepal,1996,88.9,2.9
Nepal,1997,88.9,3
Nepal,1998,88.8,3.1
Nepal,1999,88.8,3.2
Nepal,2000,88.6,3.3
Nepal,2001,88.4,3.4
Netherlands,1991,66.6,10
Netherlands,1992,67,10.1
Netherlands,1993,66,10.3
Netherlands,1994,65.4,10.4
Netherlands,1995,65.7,10.5
Netherlands,1996,66.3,10.6
Netherlands,1997,68,10.7
Netherlands,1998,69.4,10.8
Netherlands,1999,69.8,10.9
Netherlands,2000,71.2,11
Netherlands,2001,71.7,11.1
New Zealand,1991,65.4,10.1
New Zealand,1992,64.7,10.3
New Zealand,1993,65.4,10.4
New Zealand,1994,67,10.6
New Zealand,1995,69.1,10.7
New Zealand,1996,69.5,10.9
New Zealand,1997,68.9,11
New Zealand,1998,67.5,11.2
New Zealand,1999,67.8,11.3
New Zealand,2000,68.7,11.4
New Zealand,2001,69.6,11.6
Nicaragua,1991,79.1,4.1
Nicaragua,1992,79.2,4.2
Nicaragua,1993,79.2,4.3
Nicaragua,1994,79.2,4.4
Nicaragua,1995,79.1,4.5
Nicaragua,1996,79.8,4.6
Nicaragua,1997,79.9,4.6
Nicaragua,1998,80,4.7
Nicaragua,1999,79.9,4.8
Nicaragua,2000,80.1,4.9
Nicaragua,2001,79.3,5
Niger,1991,88.7,0.6
Niger,1992,88.6,0.7
Niger,1993,88.5,0.7
Niger,1994,88.3,0.7
Niger,1995,88.1,0.8
Niger,1996,88.2,0.8
Niger,1997,88.3,0.9
Niger,1998,88.3,0.9
Niger,1999,88.4,0.9
Niger,2000,88.5,1
Niger,2001,88.7,1
Nigeria,1991,64.4,4.1
Nigeria,1992,64.1,4.3
Nigeria,1993,63.9,4.4
Nigeria,1994,63.6,4.5
Nigeria,1995,63.4,4.7
Nigeria,1996,63.2,4.8
Nigeria,1997,62.9,5
Nigeria,1998,62.7,5.1
Nigeria,1999,62.5,5.2
Nigeria,2000,62.3,5.4
Nigeria,2001,62.3,5.5
North Macedonia,1991,45,8.6
North Macedonia,1992,45,8.8
North Macedonia,1993,45,8.9
North Macedonia,1994,45,9
North Macedonia,1995,44.9,9.1
North Macedonia,1996,44.8,9.3
North Macedonia,1997,44.5,9.4
North Macedonia,1998,44.6,9.5
North Macedonia,1999,44.8,9.6
North Macedonia,2000,45.5,9.8
North Macedonia,2001,46.1,9.9
Norway,1991,64.9,11.5
Norway,1992,64.4,11.6
Norway,1993,63.9,11.7
Norway,1994,64.8,11.9
Norway,1995,65,12
Norway,1996,67.2,12.2
Norway,1997,69,12.3
Norway,1998,70.3,12.4
Norway,1999,70,12.5
Norway,2000,70.2,12.7
Norway,2001,69.7,12.8
Oman,1991,78.6,4.1
Oman,1992,78.8,4.2
Oman,1993,79.2,4.4
Oman,1994,79.5,4.5
Oman,1995,79.7,4.7
Oman,1996,78.3,4.8
Oman,1997,76.9,5
Oman,1998,76,5.1
Oman,1999,75.5,5.3
Oman,2000,75,5.4
Oman,2001,74.9,5.6
Pakistan,1991,83.8,3.4
Pakistan,1992,83.8,3.5
Pakistan,1993,82.5,3.6
Pakistan,1994,82.8,3.7
Pakistan,1995,82.7,3.8
Pakistan,1996,82.8,3.9
Pakistan,1997,82.9,4
Pakistan,1998,82.6,4.1
Pakistan,1999,82.9,4.2
Pakistan,2000,83.2,4.4
Pakistan,2001,83,4.5
Palestine,1991,62.1,7.2
Palestine,1992,61.9,7.4
Palestine,1993,61.8,7.5
Palestine,1994,62,7.7
Palestine,1995,61.8,7.8
Palestine,1996,62.1,8
Palestine,1997,61.4,8.1
Palestine,1998,60.5,8.3
Palestine,1999,60,8.5
Palestine,2000,61,8.6
Palestine,2001,48.8,8.8
Panama,1991,76.2,7.3
Panama,1992,77.5,7.4
Panama,1993,78.7,7.6
Panama,1994,78.4,7.7
Panama,1995,79.2,7.8
Panama,1996,78.9,7.9
Panama,1997,78.6,8
Panama,1998,78.6,8.1
Panama,1999,78.5,8.3
Panama,2000,78.5,8.4
Panama,2001,78.3,8.5
Papua New Guinea,1991,71.4,3.1
Papua New Guinea,1992,70.5,3.2
Papua New Guinea,1993,69.1,3.3
Papua New Guinea,1994,68.7,3.4
Papua New Guinea,1995,69.2,3.5
Papua New Guinea,1996,68.8,3.6
Papua New Guinea,1997,69.4,3.7
Papua New Guinea,1998,70.1,3.8
Papua New Guinea,1999,70.1,3.9
Papua New Guinea,2000,70.6,4
Papua New Guinea,2001,68.8,4.1
Paraguay,1991,79,5.6
Paraguay,1992,78.8,5.6
Paraguay,1993,78.8,5.7
Paraguay,1994,78.8,5.8
Paraguay,1995,79,5.9
Paraguay,1996,79.1,5.9
Paraguay,1997,79.3,6
Paraguay,1998,79.3,6.1
Paraguay,1999,79.4,6.2
Paraguay,2000,79.5,6.2
Paraguay,2001,79.6,6.3
Peru,1991,69.7,7.5
Peru,1992,70.9,7.6
Peru,1993,72,7.7
Peru,1994,73.2,7.9
Peru,1995,73.5,8
Peru,1996,74.2,8.1
Peru,1997,74.9,8.3
Peru,1998,76,8.4
Peru,1999,75.9,8.5
Peru,2000,75.7,8.6
Peru,2001,76.6,8.8
Philippines,1991,74.7,7.4
Philippines,1992,75,7.5
Philippines,1993,75,7.5
Philippines,1994,74.9,7.6
Philippines,1995,74.9,7.7
Philippines,1996,74.8,7.8
Philippines,1997,74.7,7.9
Philippines,1998,74.8,8
Philippines,1999,74.7,8.1
Philippines,2000,74.7,8.1
Philippines,2001,74.5,8.2
Poland,1991,61.5,10.7
Poland,1992,61.2,10.8
Poland,1993,60.2,11
Poland,1994,58.6,11.1
Poland,1995,58.3,11.1
Poland,1996,58.5,11.2
Poland,1997,59,11.3
Poland,1998,59,11.4
Poland,1999,56,11.5
Poland,2000,54.3,11.6
Poland,2001,53,11.7
Portugal,1991,71.4,5.5
Portugal,1992,68.4,5.6
Portugal,1993,66.6,5.7
Portugal,1994,65.2,5.8
Portugal,1995,64.2,5.9
Portugal,1996,64.1,6
Portugal,1997,64.7,6.2
Portugal,1998,67.5,6.3
Portugal,1999,66.9,6.4
Portugal,2000,67.6,6.5
Portugal,2001,68.2,6.6
Qatar,1991,93.6,5.2
Qatar,1992,93.3,5.4
Qatar,1993,93.6,5.5
Qatar,1994,94,5.6
Qatar,1995,94.3,5.8
Qatar,1996,94.1,5.9
Qatar,1997,93.2,6.1
Qatar,1998,92.7,6.2
Qatar,1999,92.4,6.4
Qatar,2000,92.2,6.5
Qatar,2001,91.9,6.7
Romania,1991,69.9,10.1
Romania,1992,70.4,10.3
Romania,1993,70.3,10.4
Romania,1994,70.1,10.5
Romania,1995,69.6,10.7
Romania,1996,68.9,10.8
Romania,1997,69.2,10.9
Romania,1998,68,11
Romania,1999,67,11.1
Romania,2000,65.9,11.3
Romania,2001,64.8,11.4
Russia,1991,71.6,10.3
Russia,1992,71.4,10.5
Russia,1993,69.1,10.6
Russia,1994,65.5,10.8
Russia,1995,63.9,10.9
Russia,1996,62.4,11.1
Russia,1997,59.2,11.2
Russia,1998,57.2,11.4
Russia,1999,60,11.5
Russia,2000,61.6,11.6
Russia,2001,61.3,11.8
Rwanda,1991,93.5,2.6
Rwanda,1992,92.4,2.7
Rwanda,1993,90.9,2.8
Rwanda,1994,89.6,2.9
Rwanda,1995,87.7,2.9
Rwanda,1996,87.6,3
Rwanda,1997,87.3,3.1
Rwanda,1998,86.9,3.2
Rwanda,1999,86.5,3.3
Rwanda,2000,86.1,3.4
Rwanda,2001,85.8,3.4
Samoa,1991,55.9,7.6
Samoa,1992,56.3,7.7
Samoa,1993,56.1,7.9
Samoa,1994,56.4,8
Samoa,1995,55.9,8.2
Samoa,1996,55.7,8.3
Samoa,1997,55.9,8.4
Samoa,1998,55.9,8.6
Samoa,1999,55.7,8.7
Samoa,2000,55.2,8.8
Samoa,2001,54.8,8.9
Sao Tome and Principe,1991,67.8,3.7
Sao Tome and Principe,1992,67.2,3.8
Sao Tome and Principe,1993,66.5,3.9
Sao Tome and Principe,1994,65.8,4
Sao Tome and Principe,1995,65.1,4.1
Sao Tome and Principe,1996,64.6,4.2
Sao Tome and Principe,1997,64.2,4.3
Sao Tome and Principe,1998,64,4.5
Sao Tome and Principe,1999,63.7,4.6
Sao Tome and Principe,2000,63.7,4.7
Sao Tome and Principe,2001,65.4,4.8
Saudi Arabia,1991,73.3,5.6
Saudi Arabia,1992,73.6,5.7
Saudi Arabia,1993,73.6,5.9
Saudi Arabia,1994,73.2,6
Saudi Arabia,1995,72.8,6.2
Saudi Arabia,1996,71.7,6.4
Saudi Arabia,1997,71,6.5
Saudi Arabia,1998,70.5,6.7
Saudi Arabia,1999,70.4,6.8
Saudi Arabia,2000,72.7,7
Saudi Arabia,2001,71.9,7.2
Senegal,1991,71.5,1.9
Senegal,1992,71.2,2
Senegal,1993,70.9,2
Senegal,1994,70.6,2.1
Senegal,1995,70,2.2
Senegal,1996,69.8,2.2
Senegal,1997,69.4,2.3
Senegal,1998,68.9,2.4
Senegal,1999,68.3,2.5
Senegal,2000,67.8,2.6
Senegal,2001,67.5,2.6
Serbia,1991,61.9,8.6
Serbia,1992,62.1,8.7
Serbia,1993,61.8,8.9
Serbia,1994,61.6,9
Serbia,1995,61.1,9.1
Serbia,1996,60.5,9.3
Serbia,1997,59.3,9.4
Serbia,1998,59.2,9.5
Serbia,1999,59.9,9.7
Serbia,2000,60.1,9.8
Serbia,2001,59.3,9.9
Sierra Leone,1991,62.2,1.9
Sierra Leone,1992,62.9,2
Sierra Leone,1993,62.7,2
Sierra Leone,1994,62.6,2.1
Sierra Leone,1995,62.7,2.1
Sierra Leone,1996,62.7,2.2
Sierra Leone,1997,62.7,2.3
Sierra Leone,1998,62.5,2.3
Sierra Leone,1999,62.4,2.4
Sierra Leone,2000,62.2,2.5
Sierra Leone,2001,62.4,2.6
Singapore,1991,77.2,6.3
Singapore,1992,76.7,6.4
Singapore,1993,76.8,6.5
Singapore,1994,76.9,6.6
Singapore,1995,76.8,6.7
Singapore,1996,76.7,6.8
Singapore,1997,77.5,6.9
Singapore,1998,77.3,7
Singapore,1999,75.7,7.1
Singapore,2000,76.2,7.2
Singapore,2001,76.2,7.3
Slovak Republic,1991,63.8,10.3
Slovak Republic,1992,62.3,10.5
Slovak Republic,1993,61.1,10.7
Slovak Republic,1994,60,10.8
Slovak Republic,1995,60.3,11
Slovak Republic,1996,61.7,11.1
Slovak Republic,1997,60.6,11.3
Slovak Republic,1998,59.9,11.4
Slovak Republic,1999,56.9,11.6
Slovak Republic,2000,54.6,11.7
Slovak Republic,2001,54.9,11.9
Slovenia,1991,60.5,9.5
Slovenia,1992,59.4,9.6
Slovenia,1993,58.4,9.8
Slovenia,1994,58.8,9.9
Slovenia,1995,59.8,10.1
Slovenia,1996,59.8,10.2
Slovenia,1997,60.5,10.4
Slovenia,1998,61.2,10.5
Slovenia,1999,60.2,10.7
Slovenia,2000,59.6,10.8
Slovenia,2001,61.1,10.9
Solomon Islands,1991,82.7,4.2
Solomon Islands,1992,82.3,4.3
Solomon Islands,1993,82.1,4.4
Solomon Islands,1994,81.9,4.5
Solomon Islands,1995,81.7,4.7
Solomon Islands,1996,81.8,4.8
Solomon Islands,1997,82.1,4.9
Solomon Islands,1998,82.3,5
Solomon Islands,1999,82.5,5.1
Solomon Islands,2000,83.4,5.2
Solomon Islands,2001,84,5.3
Somalia,1991,66.6,1.7
Somalia,1992,66.6,1.8
Somalia,1993,66.7,1.8
Somalia,1994,66.7,1.9
Somalia,1995,66.9,1.9
Somalia,1996,66.9,2
Somalia,1997,66.9,2
Somalia,1998,66.9,2.1
Somalia,1999,66.9,2.2
Somalia,2000,66.8,2.2
Somalia,2001,66.7,2.3
South Africa,1991,53.2,6.1
South Africa,1992,52.9,6.2
South Africa,1993,52.5,6.4
South Africa,1994,52.2,6.5
South Africa,1995,51.8,6.6
South Africa,1996,51.3,6.8
South Africa,1997,50.8,6.9
South Africa,1998,50.2,7
South Africa,1999,49.8,7.2
South Africa,2000,49.4,7.3
South Africa,2001,48.4,7.4
South Korea,1991,72,11.1
South Korea,1992,72.3,11.2
South Korea,1993,71.9,11.4
South Korea,1994,73,11.5
South Korea,1995,73.5,11.6
South Korea,1996,73.6,11.7
South Korea,1997,73.3,11.8
South Korea,1998,68.6,12
South Korea,1999,68.5,12.1
South Korea,2000,70.1,12.2
South Korea,2001,70.2,12.3
Spain,1991,59.2,6.3
Spain,1992,57.2,6.4
Spain,1993,53.5,6.6
Spain,1994,52.1,6.8
Spain,1995,52.7,6.9
Spain,1996,53,7.1
Spain,1997,54,7.2
Spain,1998,55.9,7.4
Spain,1999,58.1,7.6
Spain,2000,59.5,7.7
Spain,2001,60.6,7.9
Sri Lanka,1991,70.1,7.3
Sri Lanka,1992,68.7,7.4
Sri Lanka,1993,69.5,7.5
Sri Lanka,1994,69.7,7.6
Sri Lanka,1995,68.3,7.7
Sri Lanka,1996,69.7,7.8
Sri Lanka,1997,70.6,7.9
Sri Lanka,1998,72.4,8
Sri Lanka,1999,73,8.2
Sri Lanka,2000,72.4,8.3
Sri Lanka,2001,72.2,8.4
St. Lucia,1991,68.5,7.1
St. Lucia,1992,68.4,7.2
St. Lucia,1993,67.9,7.3
St. Lucia,1994,67.5,7.4
St. Lucia,1995,67.8,7.5
St. Lucia,1996,66,7.6
St. Lucia,1997,62.7,7.7
St. Lucia,1998,62.2,7.8
St. Lucia,1999,63.3,7.9
St. Lucia,2000,65.5,8
St. Lucia,2001,63.6,8.1
Sudan,1991,66.1,3.4
Sudan,1992,65.8,3.5
Sudan,1993,65.5,3.7
Sudan,1994,65.3,3.8
Sudan,1995,65.2,3.9
Sudan,1996,64.9,4
Sudan,1997,64.7,4.1
Sudan,1998,64.5,4.2
Sudan,1999,64.2,4.4
Sudan,2000,64.1,4.5
Sudan,2001,64,4.6
Suriname,1991,55.1,6
Suriname,1992,55.8,6.1
Suriname,1993,58,6.2
Suriname,1994,58.6,6.3
Suriname,1995,61.8,6.4
Suriname,1996,61.3,6.5
Suriname,1997,61.2,6.6
Suriname,1998,61.3,6.7
Suriname,1999,59.6,6.8
Suriname,2000,60.2,6.9
Suriname,2001,60.7,7
Sweden,1991,69.2,10.6
Sweden,1992,65.3,10.7
Sweden,1993,60.9,10.8
Sweden,1994,60.6,11
Sweden,1995,61.8,11.1
Sweden,1996,60.9,11.2
Sweden,1997,60.3,11.3
Sweden,1998,61,11.4
Sweden,1999,61.7,11.5
Sweden,2000,62.6,11.6
Sweden,2001,63.5,11.7
Switzerland,1991,79.8,12.4
Switzerland,1992,78.3,12.5
Switzerland,1993,77.7,12.5
Switzerland,1994,76.6,12.6
Switzerland,1995,76.8,12.7
Switzerland,1996,76.2,12.7
Switzerland,1997,75.1,12.8
Switzerland,1998,75.9,12.9
Switzerland,1999,76,12.9
Switzerland,2000,75.9,13
Switzerland,2001,75.9,13.1
Syria,1991,79.7,4.8
Syria,1992,77.7,4.9
Syria,1993,76.4,5.1
Syria,1994,77.1,5.2
Syria,1995,77.7,5.4
Syria,1996,77.9,5.5
Syria,1997,78.1,5.7
Syria,1998,78.2,5.8
Syria,1999,77,6
Syria,2000,74.6,6.1
Syria,2001,73.2,6.3
Taiwan,1991,72.3,8.6
Taiwan,1992,72.1,8.8
Taiwan,1993,71.2,9
Taiwan,1994,70.9,9.2
Taiwan,1995,70.4,9.4
Taiwan,1996,68.8,9.5
Taiwan,1997,68.5,9.7
Taiwan,1998,68,9.9
Taiwan,1999,67.2,10.1
Taiwan,2000,66.7,10.3
Taiwan,2001,64.6,10.5
Tajikistan,1991,57.7,9.4
Tajikistan,1992,57.5,9.6
Tajikistan,1993,54.9,9.7
Tajikistan,1994,53.3,9.8
Tajikistan,1995,52.3,10
Tajikistan,1996,50.4,10.1
Tajikistan,1997,50,10.2
Tajikistan,1998,48.5,10.3
Tajikistan,1999,49,10.5
Tajikistan,2000,49.2,10.6
Tajikistan,2001,49.3,10.7
Tanzania,1991,87.9,3.9
Tanzania,1992,87.9,4
Tanzania,1993,87.8,4.1
Tanzania,1994,87.7,4.2
Tanzania,1995,87.5,4.3
Tanzania,1996,87.5,4.4
Tanzania,1997,87.4,4.5
Tanzania,1998,87.3,4.6
Tanzania,1999,87.2,4.7
Tanzania,2000,87.1,4.8
Tanzania,2001,87.1,4.9
Thailand,1991,82.7,5.7
Thailand,1992,83,5.8
Thailand,1993,82.8,5.9
Thailand,1994,82.6,6
Thailand,1995,82.2,6
Thailand,1996,81.7,6.1
Thailand,1997,81.6,6.2
Thailand,1998,79.1,6.3
Thailand,1999,78.4,6.3
Thailand,2000,79.1,6.4
Thailand,2001,79.1,6.5
Timor-Leste,1991,73.7,1.7
Timor-Leste,1992,73.8,1.8
Timor-Leste,1993,74,1.8
Timor-Leste,1994,74.1,1.9
Timor-Leste,1995,74.1,2
Timor-Leste,1996,73.8,2
Timor-Leste,1997,73.4,2.1
Timor-Leste,1998,73.2,2.2
Timor-Leste,1999,74.7,2.3
Timor-Leste,2000,74,2.4
Timor-Leste,2001,73.3,2.4
Togo,1991,62,3.1
Togo,1992,61.9,3.2
Togo,1993,62,3.3
Togo,1994,61.4,3.4
Togo,1995,60.9,3.5
Togo,1996,60.2,3.6
Togo,1997,59.5,3.7
Togo,1998,59.3,3.9
Togo,1999,59,4
Togo,2000,58.9,4.1
Togo,2001,59,4.2
Tonga,1991,75,9.3
Tonga,1992,75.1,9.4
Tonga,1993,75,9.6
Tonga,1994,74.5,9.7
Tonga,1995,73.5,9.8
Tonga,1996,72.5,9.9
Tonga,1997,71.4,10
Tonga,1998,70.3,10.1
Tonga,1999,69.2,10.3
Tonga,2000,68.1,10.4
Tonga,2001,67.6,10.5
Trinidad and Tobago,1991,73.3,7.8
Trinidad and Tobago,1992,72.6,7.9
Trinidad and Tobago,1993,71.6,8
Trinidad and Tobago,1994,72.9,8.1
Trinidad and Tobago,1995,73.7,8.2
Trinidad and Tobago,1996,73.3,8.3
Trinidad and Tobago,1997,73.7,8.4
Trinidad and Tobago,1998,73.9,8.5
Trinidad and Tobago,1999,73.8,8.6
Trinidad and Tobago,2000,73.9,8.7
Trinidad and Tobago,2001,73.3,8.8
Tunisia,1991,63.8,5.2
Tunisia,1992,63.3,5.4
Tunisia,1993,63.1,5.5
Tunisia,1994,62.9,5.7
Tunisia,1995,62.6,5.9
Tunisia,1996,62.4,6
Tunisia,1997,62.1,6.2
Tunisia,1998,61.7,6.4
Tunisia,1999,61.3,6.5
Tunisia,2000,60.8,6.7
Tunisia,2001,60.6,6.9
Turkey,1991,73.2,5.5
Turkey,1992,72.6,5.7
Turkey,1993,71,5.8
Turkey,1994,71.4,6
Turkey,1995,71.4,6.1
Turkey,1996,71.6,6.3
Turkey,1997,71.2,6.4
Turkey,1998,70.7,6.6
Turkey,1999,69.1,6.7
Turkey,2000,67.8,6.9
Turkey,2001,65.4,7
Turkmenistan,1991,70.6,9.2
Turkmenistan,1992,71.5,9.3
Turkmenistan,1993,71.5,9.5
Turkmenistan,1994,69.8,9.6
Turkmenistan,1995,67.3,9.7
Turkmenistan,1996,65.5,9.9
Turkmenistan,1997,65.6,10
Turkmenistan,1998,64.6,10.2
Turkmenistan,1999,63.8,10.3
Turkmenistan,2000,64.4,10.4
Turkmenistan,2001,65,10.5
Uganda,1991,76.8,4.2
Uganda,1992,76.8,4.3
Uganda,1993,76.5,4.4
Uganda,1994,76.2,4.5
Uganda,1995,76,4.6
Uganda,1996,75.7,4.7
Uganda,1997,75.5,4.9
Uganda,1998,75.3,5
Uganda,1999,75.1,5.1
Uganda,2000,74.9,5.2
Uganda,2001,74.8,5.3
Ukraine,1991,62.7,10.3
Ukraine,1992,62.7,10.4
Ukraine,1993,63,10.5
Ukraine,1994,64.1,10.6
Ukraine,1995,62.3,10.7
Ukraine,1996,60.8,10.9
Ukraine,1997,59.1,11
Ukraine,1998,56.9,11.1
Ukraine,1999,55.8,11.2
Ukraine,2000,56.6,11.3
Ukraine,2001,55.8,11.4
United Arab Emirates,1991,88.6,6.4
United Arab Emirates,1992,88.9,6.6
United Arab Emirates,1993,89.5,6.8
United Arab Emirates,1994,90.1,6.9
United Arab Emirates,1995,90.5,7.1
United Arab Emirates,1996,89.6,7.3
United Arab Emirates,1997,89.1,7.5
United Arab Emirates,1998,89,7.7
United Arab Emirates,1999,89.2,7.8
United Arab Emirates,2000,89.5,8
United Arab Emirates,2001,88.7,8.2
United Kingdom,1991,66.5,11.7
United Kingdom,1992,64.1,11.7
United Kingdom,1993,62.5,11.8
United Kingdom,1994,62.8,11.9
United Kingdom,1995,63.5,12
United Kingdom,1996,63.4,12.1
United Kingdom,1997,64.5,12.2
United Kingdom,1998,65,12.2
United Kingdom,1999,65.2,12.3
United Kingdom,2000,65.6,12.4
United Kingdom,2001,65.6,12.5
United States,1991,69.3,13
United States,1992,68.8,13
United States,1993,69.1,13.1
United States,1994,69.7,13.1
United States,1995,70.1,13.2
United States,1996,70.3,13.2
United States,1997,70.7,13.3
United States,1998,71,13.3
United States,1999,71.2,13.3
United States,2000,71.3,13.4
United States,2001,70.1,13.4
Uruguay,1991,70.8,7.6
Uruguay,1992,70.9,7.7
Uruguay,1993,70.2,7.9
Uruguay,1994,70.9,8
Uruguay,1995,71.1,8.1
Uruguay,1996,70.6,8.2
Uruguay,1997,70.3,8.3
Uruguay,1998,69.8,8.4
Uruguay,1999,68.7,8.5
Uruguay,2000,67.2,8.6
Uruguay,2001,67,8.7
Uzbekistan,1991,74,9.7
Uzbekistan,1992,73.8,9.8
Uzbekistan,1993,72.7,10
Uzbekistan,1994,71.4,10.1
Uzbekistan,1995,71.2,10.2
Uzbekistan,1996,69.4,10.4
Uzbekistan,1997,69.2,10.5
Uzbekistan,1998,67.6,10.6
Uzbekistan,1999,67.5,10.8
Uzbekistan,2000,68.2,10.9
Uzbekistan,2001,68.8,11
Vanuatu,1991,75.2,5.1
Vanuatu,1992,75.1,5.2
Vanuatu,1993,75.1,5.3
Vanuatu,1994,74.9,5.4
Vanuatu,1995,74.9,5.5
Vanuatu,1996,74.8,5.6
Vanuatu,1997,74.6,5.7
Vanuatu,1998,74.3,5.8
Vanuatu,1999,74.3,5.9
Vanuatu,2000,74.3,6
Vanuatu,2001,74.5,6.1
Venezuela,1991,71.6,6.4
Venezuela,1992,72.7,6.5
Venezuela,1993,73.6,6.6
Venezuela,1994,73,6.8
Venezuela,1995,72.4,6.9
Venezuela,1996,71.3,7
Venezuela,1997,71.8,7.1
Venezuela,1998,71.7,7.3
Venezuela,1999,68.9,7.4
Venezuela,2000,68.7,7.5
Venezuela,2001,69.6,7.6
Vietnam,1991,80.5,6.7
Vietnam,1992,80.5,6.8
Vietnam,1993,80.3,6.9
Vietnam,1994,80.3,7
Vietnam,1995,80.1,7.1
Vietnam,1996,80,7.1
Vietnam,1997,79,7.2
Vietnam,1998,79.5,7.3
Vietnam,1999,79.6,7.4
Vietnam,2000,79.5,7.4
Vietnam,2001,79.5,7.5
Yemen,1991,66.6,1.8
Yemen,1992,66.5,1.9
Yemen,1993,66.7,2
Yemen,1994,66.5,2.1
Yemen,1995,65.8,2.2
Yemen,1996,65.1,2.3
Yemen,1997,64.4,2.4
Yemen,1998,63.6,2.5
Yemen,1999,62.9,2.6
Yemen,2000,62.7,2.7
Yemen,2001,62.5,2.8
Zambia,1991,72.3,5.4
Zambia,1992,71.1,5.5
Zambia,1993,69.6,5.6
Zambia,1994,70.4,5.7
Zambia,1995,71.8,5.9
Zambia,1996,72.8,6
Zambia,1997,73.7,6.1
Zambia,1998,74.7,6.2
Zambia,1999,73.8,6.3
Zambia,2000,73,6.5
Zambia,2001,72.7,6.6
Zimbabwe,1991,85.3,5.8
Zimbabwe,1992,85.1,5.9
Zimbabwe,1993,84.7,6.1
Zimbabwe,1994,84.2,6.2
Zimbabwe,1995,83.2,6.3
Zimbabwe,1996,82.3,6.5
Zimbabwe,1997,81.5,6.6
Zimbabwe,1998,81.4,6.8
Zimbabwe,1999,81,6.9
Zimbabwe,2000,81.7,7.1
Zimbabwe,2001,82.5,7.2